SEP=,

ID, beskrivelse, adresse, Kvadratmeter, pris, utleier, type bolig , link
100239637,Central apartment -  over 2 floors,Betalt plassering, 85 m²,12 000 kr,Privat,Leilighetfinn.no/realestate/lettings/ad.html?finnkode=100239637,
79412957,Loftsleilighet Storhaug Vest (for en person eller 2 samboere),AVALDSNESGATA  23 -  Stavanger, 35 m²,6 000 kr,Privat,Leilighetfinn.no/realestate/lettings/ad.html?finnkode=79412957,
105666690,Sentral -  moderne leilighet,Siriskjeret -  Stavanger, 59 m²,13 000 kr,Privat,Leilighetfinn.no/realestate/lettings/ad.html?finnkode=105666690,
174941330,Sentral leilighet til leie,Saudagata 47B -  Stavanger, 40 m²,6 500 kr,Privat,Leilighetfinn.no/realestate/lettings/ad.html?finnkode=174941330,
76511720,Stavanger sentrum,Verven 2B -  Stavanger, 33 m²,9 000 kr,Privat,Leilighetfinn.no/realestate/lettings/ad.html?finnkode=76511720,
174926375,Moderne og møblerte studentboliger. Ledig fra 01.08. Flytt rett inn!,LAGÅRDSVEIEN 61 -  Stavanger, 58 m²,9 695 kr,Frogner House Apartments AS,Leilighetfinn.no/realestate/lettings/ad.html?finnkode=174926375,
174921408,Moderne og møblerte studentboliger. Ledig fra 01.08. Flytt rett inn!,LAGÅRDSVEIEN 61 -  Stavanger, 22 m²,6 695 kr,Frogner House Apartments AS,Leilighetfinn.no/realestate/lettings/ad.html?finnkode=174921408,
174916458,Moderne og møblerte studentboliger. Ledig fra 01.08. Flytt rett inn!,LAGÅRDSVEIEN 61 -  Stavanger, 18 m²,5 995 kr,Frogner House Apartments AS,Leilighetfinn.no/realestate/lettings/ad.html?finnkode=174916458,
174913075,STAVANGER: Flott- og møblert sentrumsnær 2-roms. Ledig nå! (Kampanje),LAGÅRDSVEIEN 61 -  Stavanger, 35 m²,9 360 kr,Frogner House Apartments AS,Leilighetfinn.no/realestate/lettings/ad.html?finnkode=174913075,
174912913,STAVANGER: Flott- og møblert sentrumsnær studioleilighet. Ledig nå! (Kampanje),LAGÅRDSVEIEN 61 -  Stavanger, 22 m²,6 750 kr,Frogner House Apartments AS,Leilighetfinn.no/realestate/lettings/ad.html?finnkode=174912913,
174900770,Fin leilighet med fantastisk panoramautsikt over Hafrsfjord,GRANNESBAKKEN 60 -  Hafrsfjord, 70 m²,9 000 kr,Privat,Leilighetfinn.no/realestate/lettings/ad.html?finnkode=174900770,
72582179,KOSELIG  HYBEL- LEILIGHET STAVANGER SENTRUM,Johannes gt 4 -  Stavanger, 45 m²,7 500 kr,Privat,Leilighetfinn.no/realestate/lettings/ad.html?finnkode=72582179,
89676416,Lekker -  fullt møblert hjørneleilighet i Bjergsted,Sverdrupsgate 46 -  Stavanger, 56 m²,10 000 kr,Privat,Leilighetfinn.no/realestate/lettings/ad.html?finnkode=89676416,
77902829,Nydelig ende rekkehus sentralt på Hinna.,Austunsletta 96 -  Stavanger, 130 m²,16 000 kr,Privat,Rekkehusfinn.no/realestate/lettings/ad.html?finnkode=77902829,
100757624,Nyoppusset -  moderne og lys anneks-lelighet over to plan til leie fra mai,Husabergbakken 39 -  Stavanger, 50 m²,12 000 kr,Privat,Leilighetfinn.no/realestate/lettings/ad.html?finnkode=100757624,
174855029,Hinna - Ny -  romslig og lekker leilighet - 2 soverom  - Høy standard - Kabeltv og  bredbånd inkludert,Solliveien 14A -  Stavanger, 70 m²,12 000 kr,Privat,Leilighetfinn.no/realestate/lettings/ad.html?finnkode=174855029,
151864214,Leilighet i sentralt område -  nær sjø og friluftsområder,Søre Ramsvigvei 35D -  Stavanger, 31 m²,7 000 kr,Privat,Leilighetfinn.no/realestate/lettings/ad.html?finnkode=151864214,
174838696,Sentrumsnær leilighet på Storhaug tilleie,Storhaugveien 16 A -  Stavanger, 52 m²,10 000 kr,Privat,Leilighetfinn.no/realestate/lettings/ad.html?finnkode=174838696,
111527980,Apartment with 2 bedrooms -  great view over the sea and terrace,DUSAVIKVEIEN 112 -  Stavanger, 71 m²,11 000 kr,Privat,Leilighetfinn.no/realestate/lettings/ad.html?finnkode=111527980,
87811044,Koselig Hybel sentralt i Stavanger til leie,Stavanger, 20 m²,6 200 kr,Privat,Hybelfinn.no/realestate/lettings/ad.html?finnkode=87811044,
145369077,Koselig leilighet i 2. etasje -  2 (3) soverom -  to stuer -  sentralt,Nymansveien 130 -  Stavanger, 84 m²,12 500 kr,Privat,Tomannsboligfinn.no/realestate/lettings/ad.html?finnkode=145369077,
174806647,Lekker 5-roms leilighet til leie,STØLSTUNET 44 -  Stavanger, 105 m²,5 500 kr,Privat,Rom i bofellesskapfinn.no/realestate/lettings/ad.html?finnkode=174806647,
149770144,Sentrum - moderne og fullt møblert leilighet med balkong,Verven 2A -  Stavanger, 32 m²,10 000 kr,Privat,Leilighetfinn.no/realestate/lettings/ad.html?finnkode=149770144,
174806429,Meget sjarmerende enebolig med egen terrasse og skjermet hage,Nedre Dalgate 21 -  Stavanger, 58 m²,12 000 kr,Utleiemegleren Stavanger,Eneboligfinn.no/realestate/lettings/ad.html?finnkode=174806429,
174803319,Moderne rekkehus til leie på Stokka - Kan leies møblert/umøblert.,Konvallstien 3 -  Stavanger, 165 m²,25 000 kr,Utleiemegleren Stavanger,Rekkehusfinn.no/realestate/lettings/ad.html?finnkode=174803319,
174777545,Storhaug - Hybel til leie,Langgata 57 -  Stavanger, 25 m²,4 000 kr,Privat,Leilighetfinn.no/realestate/lettings/ad.html?finnkode=174777545,
103091690,Fin leilighet på Vaulen,Stavanger, 50 m²,6 500 kr,Privat,Leilighetfinn.no/realestate/lettings/ad.html?finnkode=103091690,
174772725,Stavanger Øst/Lervig - Ny 2-romsleilighet. Balkong (2. et.). Parkering. Møblert.,Lervigbrygga 1 -  Stavanger, 50 m²,11 500 kr,DREYER BOLIG AS,Leilighetfinn.no/realestate/lettings/ad.html?finnkode=174772725,
128276210,Fullt møblert -  ledig rom til 4500 - - i koselig og sentrumsnært jentekollektiv!,Schives gate 12 -  Stavanger, 8 m²,4 500 kr,Privat,Rom i bofellesskapfinn.no/realestate/lettings/ad.html?finnkode=128276210,
174769102,Supersentral 2-roms med innendørs garasjeplass -  balkong og heis. Meget gode kollektivforbindelser!,Engelsminnegata 16B -  Stavanger, 44 m²,10 900 kr,Privat,Leilighetfinn.no/realestate/lettings/ad.html?finnkode=174769102,
105296561,Stor og flott 3 roms leilighet i attraktivt område,MISJONSVEIEN 9 A -  Stavanger, 84 m²,10 900 kr,Privat,Leilighetfinn.no/realestate/lettings/ad.html?finnkode=105296561,
174746242,Nyrenovert og fin sokkelleilighet på Øvre Vaulen,HINDALSBAKKEN 27 -  Stavanger, 31 m²,7 500 kr,Privat,Leilighetfinn.no/realestate/lettings/ad.html?finnkode=174746242,
95381221,Jentekollektiv Tjensvoll -  1 rom ledig,Gunnar Warebergsgate 56 -  Stavanger, 15 m²,5 250 kr,Privat,Rom i bofellesskapfinn.no/realestate/lettings/ad.html?finnkode=95381221,
174716052,Sokkel leilighet til leie sentralt i Hillevåg,KVALEBERGVEIEN 26 -  Stavanger, 56 m²,7 500 kr,Privat,Leilighetfinn.no/realestate/lettings/ad.html?finnkode=174716052,
174367173,Stor 3-roms smart-leilighet på forus,Duberget 11A -  Stavanger, 100 m²,13 000 kr,Privat,Leilighetfinn.no/realestate/lettings/ad.html?finnkode=174367173,
174713756,Rom i veldig rolige område med fin utsikt,Stavanger, 20 m²,4 000 kr,Privat,Rom i bofellesskapfinn.no/realestate/lettings/ad.html?finnkode=174713756,
174702354,Ny og pen leilighet ved studentleilighetene -  Sandal vest.,Fasanveien 18 -  Hafrsfjord, 45 m²,7 500 kr,Privat,Leilighetfinn.no/realestate/lettings/ad.html?finnkode=174702354,
128093380,1 ledig rom i superfin leilighet sentralt i Stavanger,ØVRE JÆRGATE 39 -  Stavanger, 12 m²,4 800 kr,Privat,Rom i bofellesskapfinn.no/realestate/lettings/ad.html?finnkode=128093380,
78350614,Stavanger Sentrum / Våland med 2 soverom,MUSEGATA 42 -  Stavanger, 80 m²,10 500 kr,Privat,Leilighetfinn.no/realestate/lettings/ad.html?finnkode=78350614,
98196091,Student-hybel -  rolig område -  nær sentrum -  buss og tog.,Møllegt 89 -  Stavanger, 21 m²,5 800 kr,Privat,Hybelfinn.no/realestate/lettings/ad.html?finnkode=98196091,
114900023,Fin leilighet på Auglend/ Mariero. Strøm -  kabel tv og internet inkludert i månedsleie.,Stavanger, 53 m²,6 500 kr,Privat,Leilighetfinn.no/realestate/lettings/ad.html?finnkode=114900023,
174644606,Hybelleilighet i sentrum - Møblert - strøm inkludert.,Verven 38  -  Leilighet 517 -  Stavanger, 23 m²,8 000 kr,Utleiemegleren Stavanger,Leilighetfinn.no/realestate/lettings/ad.html?finnkode=174644606,
174639046,Helt ny 3-roms leilighet- 2 nye leiligheter er ledig nå - høy standard - parkering - takterrasse- møblering etter avtale.
Pris : 15 900 og opp.,Musegata 74 - Leilighet 202 -  Stavanger, 72 m²,16 900 kr,Utleiemegleren Stavanger,Leilighetfinn.no/realestate/lettings/ad.html?finnkode=174639046,
74462290,Stor og lys leilighet med 3 soverom til utleie - TV og Internett inkl,GRØDEMTUNET 22 -  Stavanger, 94 m²,11 000 kr,Privat,Leilighetfinn.no/realestate/lettings/ad.html?finnkode=74462290,
42456439,Lys og pen leilighet i sentrum,Olav Kyrresgt 18 -  Stavanger, 78 m²,10 500 kr,Privat,Leilighetfinn.no/realestate/lettings/ad.html?finnkode=42456439,
174534397,Laberget - Flott romslig leilighet i øverste etasje med 2 soverom og sjøutsikt. Fullt møblert. / Nice apartment in top floor with 2 bedrooms. Fully furnished. Sea view.,Laberget 74 -  H0401 -  Stavanger, 81 m²,14 000 kr,EiendomsMegler 1 Boligutleie,Leilighetfinn.no/realestate/lettings/ad.html?finnkode=174534397,
174501501,Bjergsted - Toppleilighet med  flott utsikt - 3 soverom /  Penthouse apartment with beautiful sea view - 3 bedrooms,Byfjordparken 6 H0601 -  Stavanger, 126 m²,28 000 kr,EiendomsMegler 1 Boligutleie,Leilighetfinn.no/realestate/lettings/ad.html?finnkode=174501501,
174606066,GAUSEL- Lekker -  møblert enebolig med 5 soverom -  2 bad -  2 stuer - Hage - Modern -  furnished house - 200 meters from the British School,Dykjelsletta 34 -  Stavanger, 195 m²,28 000 kr,Utleiemegleren Stavanger,Eneboligfinn.no/realestate/lettings/ad.html?finnkode=174606066,
135738070,Kjeller leilighet med 2 soverom-delvis møblert -  sentral beliggenhet,lyngnesveien 13 b -  Stavanger, 70 m²,10 000 kr,Privat,Leilighetfinn.no/realestate/lettings/ad.html?finnkode=135738070,
174598833,Saxemarka - rom i koselig jentekollektiv ledig fra juni,LEIF DIETRICHSONS GATE 14 -  Stavanger, 10 m²,4 700 kr,Privat,Rom i bofellesskapfinn.no/realestate/lettings/ad.html?finnkode=174598833,
85373174,HINNA PARK -  LEILIGHET TIL LEIE I PARKEN PANORAMA,Laberget 76 -  Stavanger, 31 m²,9 500 kr,Privat,Leilighetfinn.no/realestate/lettings/ad.html?finnkode=85373174,
174297127,Leilighet i Stavanger sentrum med 4 soverom,Betalt plassering, 95 m²,14 000 kr,Centrum Apartments AS,Leilighetfinn.no/realestate/lettings/ad.html?finnkode=174297127,
174591228,Storhaug vest -  Ny 2-roms med hvitevarer.,Kristine Berges vei 12 -  sokkel -  Stavanger, 43 m²,8 500 kr,Utleiemegleren Stavanger,Leilighetfinn.no/realestate/lettings/ad.html?finnkode=174591228,
79642640,FULLY FURNISHED APARTMENT IN CENTRAL LOCATION WITH DIRECT BUSCONNECTION TO FORUS,ØVRE SANDVIKVEIEN 12 A -  Stavanger, 64 m²,10 800 kr,Privat,Leilighetfinn.no/realestate/lettings/ad.html?finnkode=79642640,
174554152,Arkitekt tegnet leilighet til leie,Stavanger, 82 m²,15 000 kr,Privat,Leilighetfinn.no/realestate/lettings/ad.html?finnkode=174554152,
70724904,KOOOOOSELIG SENTRAL LEILiGHET,kong oscarsgate 4 -  Stavanger, 70 m²,8 500 kr,Privat,Leilighetfinn.no/realestate/lettings/ad.html?finnkode=70724904,
97764912,Sokkelleilighet til leie nær BI,ØVRE TASTASJØEN 18 -  Stavanger, 50 m²,9 500 kr,Privat,Leilighetfinn.no/realestate/lettings/ad.html?finnkode=97764912,
153715741,Stilig leilighet i populære blokker,MISJONSVEIEN 2 B -  Stavanger, 75 m²,15 000 kr,Privat,Leilighetfinn.no/realestate/lettings/ad.html?finnkode=153715741,
75767664,Koselig og møblert leilighet på beste Stokka til leie,HANS GUDES VEI 24 -  Stavanger, 42 m²,8 000 kr,Privat,Leilighetfinn.no/realestate/lettings/ad.html?finnkode=75767664,
174506456,Mosterøy - Arkitekttegnet funkisvilla med 5 soverom i landlige omgivelser / Architect designed villa with 5 bedrooms in rural surroundings,Hodnafjellveien 23 -  Mosterøy, 199 m²,25 000 kr,EiendomsMegler 1 Boligutleie,Eneboligfinn.no/realestate/lettings/ad.html?finnkode=174506456,
174352975,Kjekk del av tomannsbolig. Umøblert med 2 soverom / Nice part of a semi-detatched house. Unfurnished with 2 bedrooms.,Utleid, 100 m²,Utleid,EiendomsMegler 1 Boligutleie,Tomannsboligfinn.no/realestate/lettings/ad.html?finnkode=174352975,
174514720,Enebolig med 4 soverom og stor hage til leie,Sjøveien 19 -  Rennesøy, 145 m²,12 500 kr,Privat,Eneboligfinn.no/realestate/lettings/ad.html?finnkode=174514720,
174503507,Loftsleilighet med to soverom -  god takhøyde og flott utsikt,SIGURDS GATE 1 C -  Stavanger, 40 m²,9 500 kr,Privat,Leilighetfinn.no/realestate/lettings/ad.html?finnkode=174503507,
99914287,Hybel i Ullandhaugskråningen,PEER GYNTS VEI 5 -  Stavanger, 22 m²,5 500 kr,Privat,Hybelfinn.no/realestate/lettings/ad.html?finnkode=99914287,
174507080,Sunde - Lekker bolig med 3-4 soverom - Carport - Utsikt mot Hafrsfjord,Rytterfaret 24 -  Hafrsfjord, 171 m²,18 000 kr,Utleiemegleren Stavanger,Rekkehusfinn.no/realestate/lettings/ad.html?finnkode=174507080,
89310012,Lys fin Leilighet -  Revheimsveien 124B,REVHEIMSVEIEN 124 B -  Hafrsfjord, 55 m²,7 500 kr,Privat,Leilighetfinn.no/realestate/lettings/ad.html?finnkode=89310012,
174506427,Lys og fin 2- roms leilighet nær sentrum- Møblert- Kabeltv og bredbånd inkludert,Stubben 7A -  Stavanger, 35 m²,7 900 kr,Utleiemegleren Stavanger,Leilighetfinn.no/realestate/lettings/ad.html?finnkode=174506427,
130634067,Sagafjords vei 129 B,Sagafjordsvei 129 B -  Hundvåg, 52 m²,9 500 kr,Privat,Leilighetfinn.no/realestate/lettings/ad.html?finnkode=130634067,
174481894,Liten leilighet til leie på Hinna,Hordaveien -  3 -  Stavanger, 40 m²,7 500 kr,Privat,Leilighetfinn.no/realestate/lettings/ad.html?finnkode=174481894,
174477021,Svært sentralt rom i bofellesskap,PEDERSGATA 135 -  Stavanger, 11 m²,4 500 kr,Privat,Rom i bofellesskapfinn.no/realestate/lettings/ad.html?finnkode=174477021,
122473010,Ny familiebolig på øvre Vaulen/New 5 bedroom house at Vaulen,LALLA CARLSENS GATE 9A -  Stavanger, 186 m²,27 000 kr,Privat,Eneboligfinn.no/realestate/lettings/ad.html?finnkode=122473010,
174433877,Balkong -  Sjøutsikt -  Nye møbler og inventar -  Sentralt -  Toppetasje -  Høy standard -  Møblert,VERVEN 2 B -  Stavanger, 40 m²,10 800 kr,Privat,Leilighetfinn.no/realestate/lettings/ad.html?finnkode=174433877,
142515774,Gausel; fully furnished -  145m²  -  3(4) bedrooms -  close to NATO -  BISS -  Hinna Park,Westergårdveien 6C -  Stavanger, 145 m²,19 000 kr,Privat,Leilighetfinn.no/realestate/lettings/ad.html?finnkode=142515774,
66034170,Rom -  sentralt Stavanger inkl. Strøm,KIRKEBAKKEN 18 -  Stavanger, 10 m²,3 800 kr,Privat,Rom i bofellesskapfinn.no/realestate/lettings/ad.html?finnkode=66034170,
77057445,Hinna Sentralt -  2 min til buss stoppen og universitet i Stavanger,VÅGEDALEN 6 F -  Stavanger, 10 m²,4 000 kr,Privat,Rom i bofellesskapfinn.no/realestate/lettings/ad.html?finnkode=77057445,
174444448,Rom ledig i lite jentekollektiv - Sentral beliggenhet -  flott leilighet,Nedre Banegate -  Stavanger, 16 m²,6 500 kr,Privat,Rom i bofellesskapfinn.no/realestate/lettings/ad.html?finnkode=174444448,
135644204,Kjellerleilighet til leie sentralt på Gausel,Sølvperleveien 42 -  Stavanger, 56 m²,8 000 kr,Privat,Leilighetfinn.no/realestate/lettings/ad.html?finnkode=135644204,
76970874,ROM LEDIG  Pris inkl strøm -  Internett -  parkering. Veldig rolig og ryddig plass.,JÅTTÅVEIEN 53 -  Stavanger, 10 m²,3 500 kr,Privat,Rom i bofellesskapfinn.no/realestate/lettings/ad.html?finnkode=76970874,
99559045,Flott topp- og endeleilighet med strålende utsikt og gode solforhold,Rytterhøyden 6 -  Hafrsfjord, 51 m²,10 000 kr,Privat,Leilighetfinn.no/realestate/lettings/ad.html?finnkode=99559045,
93595845,Leilighet for 1 person ledig Kr. 8000.- inkl. strøm,SKOGSTØVEIEN 36 -  Stavanger, 40 m²,8 000 kr,Privat,Leilighetfinn.no/realestate/lettings/ad.html?finnkode=93595845,
174415214,Sjarmerende leilighet med 1-2 soverom i Stavanger sentrum,Olavskleivå 29 -  Stavanger, 53 m²,8 500 kr,Utleiemegleren Stavanger,Leilighetfinn.no/realestate/lettings/ad.html?finnkode=174415214,
174399160,VERVEN-  2 romsleilighet til korttidsleie,Verven 10 -  Stavanger, 73 m²,20 000 kr,Privat,Leilighetfinn.no/realestate/lettings/ad.html?finnkode=174399160,
173813093,BJERGSTED - Flott 3-roms leilighet med svært god standard til leie - Fullt møblert - Parkering,SVERDRUPS GATE 34 -  Stavanger, 63 m²,12 750 kr,Privat,Leilighetfinn.no/realestate/lettings/ad.html?finnkode=173813093,
76888153,Bo sentralt på Storhaug med rask wi-fi,LANGGATA 74 -  Stavanger, 46 m²,9 400 kr,Privat,Leilighetfinn.no/realestate/lettings/ad.html?finnkode=76888153,
158187503,Lervig Brygge Pluss - Nyere leilighet i 10 etg. med fantastisk utsikt i et maritimt miljø,Lervigbrygga 128 -  Stavanger, 69 m²,15 000 kr,Privat,Leilighetfinn.no/realestate/lettings/ad.html?finnkode=158187503,
151820752,STAVANGER ØST Breivikveien 31A Flott umøblert 3-roms leilighet med god standard og fast parkering.,BREIVIKVEIEN 13 -  Stavanger, 68 m²,14 500 kr,Privat,Leilighetfinn.no/realestate/lettings/ad.html?finnkode=151820752,
152475988,Møblert leilighet i Stavanger Øst,BREIVIKVEIEN 17 -  Stavanger, 34 m²,8 500 kr,Privat,Leilighetfinn.no/realestate/lettings/ad.html?finnkode=152475988,
174388519,Lekker enebolig sentralt i Gamle Stavanger -2 soverom - møblert,Øvre Strandgate 84 -  Stavanger, 75 m²,13 750 kr,Utleiemegleren Stavanger,Eneboligfinn.no/realestate/lettings/ad.html?finnkode=174388519,
174384456,Rom til leie i bofellesskap -  sentralt,Tjensvolltorget 6 -  Stavanger, 60 m²,5 000 kr,Privat,Rom i bofellesskapfinn.no/realestate/lettings/ad.html?finnkode=174384456,
174246004,Møblert -  høy standard -  rolig nabolag -  parkering -  nærhet til tur- og badeområde,Ramsvigstien 5B -  Stavanger, 70 m²,11 000 kr,Privat,Leilighetfinn.no/realestate/lettings/ad.html?finnkode=174246004,
123153047,Lervig Brygge Pluss- Flott leilighet i 10. etasje,Lervigbrygga 128 H1003 -  Stavanger, 50 m²,12 500 kr,Privat,Leilighetfinn.no/realestate/lettings/ad.html?finnkode=123153047,
174368235,Leilighet til leie i Bjergsted,Tastagata 29 -  Stavanger, 100 m²,12 000 kr,Privat,Leilighetfinn.no/realestate/lettings/ad.html?finnkode=174368235,
100239637,Central apartment -  over 2 floors,LOSOLDERMANN NATVIGS VEI 4 -  Stavanger, 85 m²,12 000 kr,Privat,Leilighetfinn.no/realestate/lettings/ad.html?finnkode=100239637,
93457495,Leilighet ved Stokkavannet,LARS UTNES VEI 3 -  Stavanger, 50 m²,7 500 kr,Privat,Leilighetfinn.no/realestate/lettings/ad.html?finnkode=93457495,
174363331,Kort og langtidsleie for firma fra 550 - - per døgn,TRAVBANEVEIEN 1 -  Stavanger, 100 m²,1 kr,City Housing AS,Leilighetfinn.no/realestate/lettings/ad.html?finnkode=174363331,
174362747,Kort og langtidsleie for firma fra 550 - - per døgn,TRAVBANEVEIEN 1 -  Stavanger, 50 m²,1 kr,City Housing AS,Leilighetfinn.no/realestate/lettings/ad.html?finnkode=174362747,
174360002,Kort og langtidsleie for firma fra 550 - - per døgn,jåttåvågveien 20b -  Stavanger, 100 m²,1 kr,City Housing AS,Leilighetfinn.no/realestate/lettings/ad.html?finnkode=174360002,
174359440,Kort og langtidsleie for firma fra 550 - - per døgn,Jåttåvågveien 20b -  Stavanger, 50 m²,1 kr,City Housing AS,Leilighetfinn.no/realestate/lettings/ad.html?finnkode=174359440,
144502931,TIL LEIE! Fin -  vestvendt leilighet i rolig strøk -  sentralt,HJELMELANDSGATA 47 -  Stavanger, 55 m²,8 500 kr,Privat,Leilighetfinn.no/realestate/lettings/ad.html?finnkode=144502931,
174358975,Kort og langtidsleie for firma fra 550 - - per døgn,BERGELANDSGATA 13 -  Stavanger, 100 m²,1 kr,City Housing AS,Leilighetfinn.no/realestate/lettings/ad.html?finnkode=174358975,
174357156,Kort og langtidsleie for firma fra 550 - - per døgn*,BERGELANDSGATA 13 -  Stavanger, 50 m²,16 000 kr,City Housing AS,Leilighetfinn.no/realestate/lettings/ad.html?finnkode=174357156,
125496411,Sokkelleilighet ved sjøen på Madlasandnes,Gjerdestien -  Hafrsfjord, 65 m²,8 000 kr,Privat,Leilighetfinn.no/realestate/lettings/ad.html?finnkode=125496411,
174514720,Enebolig med 4 soverom og stor hage til leie,Betalt plassering, 145 m²,12 500 kr,Privat,Eneboligfinn.no/realestate/lettings/ad.html?finnkode=174514720,
174348504,Sentralt - Delikat 2-romsleilighet (1. et.) Parkering. Solrik terrasse.,Stokkaveien 21 -  Stavanger, 49 m²,12 500 kr,DREYER BOLIG AS,Leilighetfinn.no/realestate/lettings/ad.html?finnkode=174348504,
174343031,Stavanger Øst - Ny -  flott 2-romsleilighet (4. et.). Parkering. Balkong. Møblert.,Rennesøygata 14G -  Stavanger, 53 m²,12 900 kr,DREYER BOLIG AS,Leilighetfinn.no/realestate/lettings/ad.html?finnkode=174343031,
174243819,Madlasandnes- Fin enebolig med 4 soverom i et barnevennlig område / Nice house with 4 bedrooms in a child friendly area.,Ospebergleitet 20 -  Hafrsfjord, 214 m²,20 000 kr,EiendomsMegler 1 Boligutleie,Eneboligfinn.no/realestate/lettings/ad.html?finnkode=174243819,
174340540,Bjergsted (sentralt) - Flott 2-romsleilighet (4. et.). Balkong. Fast parkering.,KAPTEIN MEJLÆNDERS GATE 21 -  Stavanger, 55 m²,12 000 kr,DREYER BOLIG AS,Leilighetfinn.no/realestate/lettings/ad.html?finnkode=174340540,
174333396,Helt ny 4-roms toppleilighet - Møblert etter avtale - 2 private takterrasser - utsikt,Hamneveien 21 - 602 -  Stavanger, 113 m²,20 000 kr,Utleiemegleren Stavanger,Leilighetfinn.no/realestate/lettings/ad.html?finnkode=174333396,
174333285,SOLA/GRANNES - Lekker -  totalrenovert enebolig 3(4) soverom -  2 stuer -  2 bad -  vaskerom med nydelig utsikt i landlige omgivelser. Kort vei til Forus/Stavanger,Gamle Grannesveg 33 -  Hafrsfjord, 202 m²,25 000 kr,Utleiemegleren Stavanger,Eneboligfinn.no/realestate/lettings/ad.html?finnkode=174333285,
170861010,VESTRE PLATÅ. Alt inkludert! 2 soverom inkl. strøm/tv-kanaler/internet,Steingata -  Stavanger, 55 m²,10 500 kr,Privat,Leilighetfinn.no/realestate/lettings/ad.html?finnkode=170861010,
174330803,2-roms leilighet midt i Stavanger sentrum til leie - 1 soverom -  nytt kjøkken - sentralt -,Nordbøgata 10 - Leilighet 302 -  Stavanger, 53 m²,9 500 kr,Utleiemegleren Stavanger,Leilighetfinn.no/realestate/lettings/ad.html?finnkode=174330803,
174297127,Leilighet i Stavanger sentrum med 4 soverom,JOHAN THORSENS GATE 66 A -  Stavanger, 95 m²,14 000 kr,Centrum Apartments AS,Leilighetfinn.no/realestate/lettings/ad.html?finnkode=174297127,
118966266,Flott toppleilighet med fantastisk utsikt. 2 soverom -  heis og parkering.,Lervigbrygga 161 -  Stavanger, 71 m²,15 000 kr,Privat,Leilighetfinn.no/realestate/lettings/ad.html?finnkode=118966266,
116146722,Lys og moderne sokkelleilighet på Gausel med solrik terrasse,Nådlandsberget 49B -  Stavanger, 64 m²,10 000 kr,Privat,Leilighetfinn.no/realestate/lettings/ad.html?finnkode=116146722,
174295658,Leilighet i Stavanger sentrum med 2 soverom,EMMAUSVEIEN 5 -  Stavanger, 60 m²,9 000 kr,Centrum Apartments AS,Leilighetfinn.no/realestate/lettings/ad.html?finnkode=174295658,
174294385,Leilighet i Stavanger sentrum med 2 soverom,LYDER SAGENS GATE 18 -  Stavanger, 75 m²,10 000 kr,Centrum Apartments AS,Leilighetfinn.no/realestate/lettings/ad.html?finnkode=174294385,
174286747,Sentrumsnært -  Bjergsted -  internett og tv-kanaler inkludert,TANKE SVILANDS GATE 42 -  Stavanger, 42 m²,7 500 kr,Privat,Leilighetfinn.no/realestate/lettings/ad.html?finnkode=174286747,
74741934,Koselig leilighet sentralt i Stavanger,KONGSTEINSGATA 38 A -  Stavanger, 24 m²,6 000 kr,Privat,Hybelfinn.no/realestate/lettings/ad.html?finnkode=74741934,
174125561,Stavanger Øst - Vestvendt 3-roms leilighet med gangavstand til sentrum,Spilderhauggata 25 -  Stavanger, 56 m²,12 000 kr,Privat,Leilighetfinn.no/realestate/lettings/ad.html?finnkode=174125561,
119563080,Romslig sokkelleilighet for 3 studenter nær UIS,Draumkvædestien 5 -  Stavanger, 100 m²,15 000 kr,Privat,Leilighetfinn.no/realestate/lettings/ad.html?finnkode=119563080,
173878707,Sokkelleilighet til leie sentralt i Stavanger,Brødregata 23 -  Stavanger, 36 m²,8 000 kr,Privat,Leilighetfinn.no/realestate/lettings/ad.html?finnkode=173878707,
120337325,Lys og trivelig leilighet i Ullandhaugskråningen nær UIS. Ledig fra 1.7.2020 (evt fra 1/5),Veslemøyveien 19 -  Stavanger, 75 m²,12 000 kr,Privat,Leilighetfinn.no/realestate/lettings/ad.html?finnkode=120337325,
114158069,kjeller 7 - 500,MADLAVEIEN 55 A -  Stavanger, 75 m²,7 500 kr,Privat,Leilighetfinn.no/realestate/lettings/ad.html?finnkode=114158069,
158857804,Ny moderne leilighet til leie,Tasta -  Stavanger, 55 m²,11 000 kr,Privat,Leilighetfinn.no/realestate/lettings/ad.html?finnkode=158857804,
137140601,Laberget / Hinna Park - Nyere 2-roms med høy standard og stor terrasse,Laberget 88 -  Stavanger, 55 m²,11 000 kr,Privat,Leilighetfinn.no/realestate/lettings/ad.html?finnkode=137140601,
169822763,Kjellerlelighet nær til UIS,Sigurd Syrs gate 4B -  Hafrsfjord, 30 m²,6 000 kr,Privat,Hybelfinn.no/realestate/lettings/ad.html?finnkode=169822763,
100007133,Moderne leilighet med 2 soverom og to bad til leie/eventuelt for salg,Siriskjeret 17 -  HO203 -  Stavanger, 92 m²,14 000 kr,Privat,Leilighetfinn.no/realestate/lettings/ad.html?finnkode=100007133,
95902542,Pen Hybelleilighet nær Universitetet inkl. Internet. Ledig 1. august!,Snarehaugen 70 -  Stavanger, 22 m²,6 000 kr,Privat,Leilighetfinn.no/realestate/lettings/ad.html?finnkode=95902542,
109425214,Flott enebolig Grannes med god utsikt,Radioveien 12 -  Hafrsfjord, 220 m²,28 000 kr,Privat,Eneboligfinn.no/realestate/lettings/ad.html?finnkode=109425214,
125552997,Flott -  møblert leilighet sentralt på Våland,Hafrsfjordgata 18 -  Stavanger, 68 m²,11 000 kr,Privat,Tomannsboligfinn.no/realestate/lettings/ad.html?finnkode=125552997,
97577327,Lekker leilighet med 3 soverom midt i Stavanger sentrum,St Olavsgate 7 -  Stavanger, 120 m²,20 000 kr,Privat,Leilighetfinn.no/realestate/lettings/ad.html?finnkode=97577327,
59445377,Pen og godkjent leilighet nær UIS til leie - 3 soverom,Novstubben 3 -  Hafrsfjord, 73 m²,10 000 kr,Privat,Leilighetfinn.no/realestate/lettings/ad.html?finnkode=59445377,
75163280,Sentrum - Moderne kollektiv like ved sentrum - Takterrasse - Fullt møblert,STIFTELSESGATA 24 -  Stavanger, 10 m²,4 700 kr,Privat,Rom i bofellesskapfinn.no/realestate/lettings/ad.html?finnkode=75163280,
122828581,Leilighet sentralt på Madlamark,Hognes gate 25 c -  Hafrsfjord, 72 m²,10 000 kr,Privat,Leilighetfinn.no/realestate/lettings/ad.html?finnkode=122828581,
90088161,Eiganes -  Sokkelleilig -  Varmekabler -  Oppvaskmaskin -  Peis -  Downlights -  Møblert - .,Lektor Einar Høigårds gate 1 -  Stavanger, 56 m²,9 000 kr,Privat,Leilighetfinn.no/realestate/lettings/ad.html?finnkode=90088161,
173991229,2 roms leiligheter i sentrum ledig  - One bedroom apartments centrally located short term,VERKSGATA 1 D -  Stavanger, 35 m²,16 500 kr,Privat,Leilighetfinn.no/realestate/lettings/ad.html?finnkode=173991229,
91849324,Sentrum/Badedammen,BAKGATA 10 -  Stavanger, 56 m²,10 000 kr,Privat,Leilighetfinn.no/realestate/lettings/ad.html?finnkode=91849324,
173989865,Korttidsleie (minimum 1 uke) / Short term lease (minimum 1 week),Valberget 13 - 2. etasje -  Stavanger, 63 m²,16 500 kr,Privat,Leilighetfinn.no/realestate/lettings/ad.html?finnkode=173989865,
79273624,Sentral og moderne leilighet med 3 soverom - 135m2,SAUDAGATA 31 B -  Stavanger, 135 m²,15 000 kr,Privat,Leilighetfinn.no/realestate/lettings/ad.html?finnkode=79273624,
173993374,SENTRUM- Leilighet midt i smørøyet - 2 soverom -  wc -  balkong. Internett/tv inkludert.,Bakkegata 13 -  Leil. 201 -  Stavanger, 60 m²,12 000 kr,Utleiemegleren Stavanger,Leilighetfinn.no/realestate/lettings/ad.html?finnkode=173993374,
173974252,Rom til leie i bofelleskap,VISTEGATA 10 -  Stavanger, 240 m²,5 500 kr,Privat,Rom i bofellesskapfinn.no/realestate/lettings/ad.html?finnkode=173974252,
173381090,Møblert leilighet i nærheten av "alt",Hillevågsveien 83 -  Stavanger, 48 m²,9 500 kr,Privat,Leilighetfinn.no/realestate/lettings/ad.html?finnkode=173381090,
173884425,Gamle Stavanger - Flott møblert leilighet med 1 soverom og en fantastisk terrasse / Nice apartment with one bedroom and a great terrace - ,Mellomstraen 11 H0201 -  Stavanger, 46 m²,11 000 kr,EiendomsMegler 1 Boligutleie,Leilighetfinn.no/realestate/lettings/ad.html?finnkode=173884425,
72575058,Lekker -  sentrumsnær leilighet med høy standard -  full møblert og parkeringsplass!,NEDSTRANDSGATA 46 -  Stavanger, 81 m²,15 000 kr,Privat,Leilighetfinn.no/realestate/lettings/ad.html?finnkode=72575058,
173972957,Helt ny 3-roms leilighet er ledig nå - høy standard - parkering - takterrasse- møblering etter avtale.,Musegata 74 - Leilighet 101 -  Stavanger, 64 m²,15 000 kr,Utleiemegleren Stavanger,Leilighetfinn.no/realestate/lettings/ad.html?finnkode=173972957,
173940547,Bjergsted - Fin og moderne leilighet -  fullt møblert med 2 soverom / Fully furnished apartment with 2 bedroom.,Sverdrupsgate 33 H0202 -  Stavanger, 69 m²,12 000 kr,EiendomsMegler 1 Boligutleie,Leilighetfinn.no/realestate/lettings/ad.html?finnkode=173940547,
94369881,ROM I BOFELLESSKAP TIL LEIE,SYMREVEIEN 2 -  Stavanger, 16 m²,3 200 kr,Privat,Rom i bofellesskapfinn.no/realestate/lettings/ad.html?finnkode=94369881,
75017018,Flott leilighet nær sentrum.,Prinsens gate 22 -  Stavanger, 110 m²,18 000 kr,Privat,Leilighetfinn.no/realestate/lettings/ad.html?finnkode=75017018,
173953528,Romslig -  lys og fin leilighet med attraktiv beliggenhet i rolig område sentralt i Stavanger sentrum,Løkkeveien 52 -  Stavanger, 80 m²,12 000 kr,Privat,Leilighetfinn.no/realestate/lettings/ad.html?finnkode=173953528,
173953646,Studioleilighet midt i sentrum - god standard. Møblert,Kirkegata 44 -  Stavanger, 25 m²,7 000 kr,Utleiemegleren Stavanger,Leilighetfinn.no/realestate/lettings/ad.html?finnkode=173953646,
173868831,Våland - Fin og umøblert/møblert leilighet med 2 soverom / Nice and ufurnished/furnished apartment with 2 bedrooms,Balders gate 2A -  3 etasje -  Stavanger, 68 m²,13 000 kr,EiendomsMegler 1 Boligutleie,Leilighetfinn.no/realestate/lettings/ad.html?finnkode=173868831,
173951916,HUNDVÅG-  Romslig og fin 3- roms endeleilighet midt i sentrum- Møblert,Hundvågveien 45B -  Hundvåg, 108 m²,14 000 kr,Utleiemegleren Stavanger,Leilighetfinn.no/realestate/lettings/ad.html?finnkode=173951916,
173945704,Lekker leilighet med balkong og sjøutsikt- Møblert- Kabeltv -  bredbånd og strøm inkludert,Breivikveien 19A -  Stavanger, 41 m²,10 000 kr,Utleiemegleren Stavanger,Leilighetfinn.no/realestate/lettings/ad.html?finnkode=173945704,
174514720,Enebolig med 4 soverom og stor hage til leie,Betalt plassering, 145 m²,12 500 kr,Privat,Eneboligfinn.no/realestate/lettings/ad.html?finnkode=174514720,
173834448,Sentrumsnær enebolig i blindvei med stor hage til leie,RAGNVALD RIBSSKOGS GATE 21 -  Stavanger, 86 m²,16 000 kr,Privat,Eneboligfinn.no/realestate/lettings/ad.html?finnkode=173834448,
73905108,Kjekk 3-roms leilighet nær UIS og SUS  til leie.,Bakkesvingen 26B -  Stavanger, 70 m²,10 500 kr,Privat,Rekkehusfinn.no/realestate/lettings/ad.html?finnkode=73905108,
173922383,HILLEVÅG - Flott 3-roms leilighet med sentral beliggenhet - Fullt møblert,Bergsagelveien 39 - 201 -  Stavanger, 60 m²,12 000 kr,Utleiemegleren Stavanger,Leilighetfinn.no/realestate/lettings/ad.html?finnkode=173922383,
73065184,Furnished studio apartment- incl. Internet -  electricity,BOGANESVEIEN 29 -  Stavanger, 18 m²,6 000 kr,Privat,Hybelfinn.no/realestate/lettings/ad.html?finnkode=73065184,
133859425,BJERGSTED - Flott 3-roms med balkong og parkering m/ELbillader,Sverdrupsgate 30 -  Stavanger, 67 m²,14 000 kr,Privat,Leilighetfinn.no/realestate/lettings/ad.html?finnkode=133859425,
73814679,2 out of 3 bedrooms available in a homeshare arrangement,Kong oscars gate 1 -  Stavanger, 82 m²,4 500 kr,Privat,Rom i bofellesskapfinn.no/realestate/lettings/ad.html?finnkode=73814679,
95694371,Innholdsrik - sentral bolig til leie med 4 soverom og flott hage.,Calypsoveien 3 -  Hundvåg, 160 m²,18 000 kr,Privat,Tomannsboligfinn.no/realestate/lettings/ad.html?finnkode=95694371,
173858280,Nyere leilighet med stor og solrik terrasse.,Tjuvholmveien 50 -  Stavanger, 103 m²,18 000 kr,Utleiemegleren Stavanger,Leilighetfinn.no/realestate/lettings/ad.html?finnkode=173858280,
173851604,Nyoppusset toroms leilighet i Stavanger,PEDERSGATA 32 B -  Stavanger, 58 m²,13 000 kr,Privat,Leilighetfinn.no/realestate/lettings/ad.html?finnkode=173851604,
173762833,Saxemarka - Flott -  umøblert leilighet med 2 soverom / Nice and unfurnished apartment with two bedrooms.,Riiser-Larsens gate 1 H0408 -  Stavanger, 76 m²,12 000 kr,EiendomsMegler 1 Boligutleie,Leilighetfinn.no/realestate/lettings/ad.html?finnkode=173762833,
86651805,Hundvåg -   leilighet.,Morteveien 33 -  Hundvåg, 95 m²,10 000 kr,Privat,Leilighetfinn.no/realestate/lettings/ad.html?finnkode=86651805,
76471621,Moderne og strøken leil. til leie -  balkong -  garasjepl -  TV/internet/strøm inkl,Lervigbrygga 291 -  Stavanger, 49 m²,11 000 kr,Privat,Leilighetfinn.no/realestate/lettings/ad.html?finnkode=76471621,
173829254,Koselig enebolig til leie i Stavanger sentrum,Brødregata 23 -  Stavanger, 67 m²,15 000 kr,Privat,Eneboligfinn.no/realestate/lettings/ad.html?finnkode=173829254,
152524861,UTLEID - BYHAUGEN - Leilighet til leie -  Sentrumsnært,Randabergveien 42 -  Stavanger, 35 m²,6 000 kr,Privat,Leilighetfinn.no/realestate/lettings/ad.html?finnkode=152524861,
173820683,Modern leilighet ved Tastasenteret,RANDABERGVEIEN 104 -  Stavanger, 40 m²,6 500 kr,Privat,Leilighetfinn.no/realestate/lettings/ad.html?finnkode=173820683,
108577414,Sentralt Storhaug - Rom i bofellesskap,Stavanger, 16 m²,3 900 kr,Privat,Rom i bofellesskapfinn.no/realestate/lettings/ad.html?finnkode=108577414,
171451203,Stavanger - Sentral -  møblert leilighet med 2 soverom og sjøutsikt. Fullt møblert  / Central -  furnished apartment with 2 bedrooms and sea view. Fully funished.,Verven 46 -  103 -  Stavanger, 68 m²,14 000 kr,EiendomsMegler 1 Boligutleie,Leilighetfinn.no/realestate/lettings/ad.html?finnkode=171451203,
149173380,Luftig og stor 2-roms med fantastisk utsikt. 2 min fra Stavanger togstasjon.,Kannikbakken 6 -  Stavanger, 61 m²,12 500 kr,Privat,Leilighetfinn.no/realestate/lettings/ad.html?finnkode=149173380,
173714672,3D/ VIRTUAL TOUR:  Sentrum - Fullt møblert og fin leilighet med 2 soverom -  terrasse og parkering. Oppvarming inkl. i husleien / Fully furnished and nice apartment with 2 bedrooms -  terrace and parking. Heating included in rent,Øvre Strandgate 114 H0403 -  Stavanger, 74 m²,16 000 kr,EiendomsMegler 1 Boligutleie,Leilighetfinn.no/realestate/lettings/ad.html?finnkode=173714672,
173780634,Stor endeleilighet med høy standard - 3  soverom - balkong - parkering i lukket anlegg.,Rustabakken 25 -  Stavanger, 82 m²,14 500 kr,Utleiemegleren Stavanger,Leilighetfinn.no/realestate/lettings/ad.html?finnkode=173780634,
173763846,Moderne sentral leilighet i Siriskjeret til leie -  rett ved sjøen og 5 min fra BI,SIRISKJERET 6 -  Stavanger, 43 m²,9 500 kr,Privat,Leilighetfinn.no/realestate/lettings/ad.html?finnkode=173763846,
154661667,Trippelrom midt i sentrum - STRØM + INTERNET INK.,Østervågkaien 5 -  Stavanger, 150 m²,7 000 kr,Privat,Rom i bofellesskapfinn.no/realestate/lettings/ad.html?finnkode=154661667,
173737162,Enebolig m 3 soverom og god utsikt,Kvalebergv 8 -  Stavanger, 115 m²,13 500 kr,Privat,Eneboligfinn.no/realestate/lettings/ad.html?finnkode=173737162,
173738011,Stavanger - Lekker leilighet med 1-2 soverom midt i sentrum!,Nedre Holmegate 9C -  Leil 403 -  Stavanger, 55 m²,12 000 kr,Utleiemegleren Stavanger,Leilighetfinn.no/realestate/lettings/ad.html?finnkode=173738011,
67061777,2 min å gå til sentrum i koselig hus. Alt inkludert,KIRKEBAKKEN 18 -  Stavanger, 8 m²,3 500 kr,Privat,Rom i bofellesskapfinn.no/realestate/lettings/ad.html?finnkode=67061777,
172655576,Sentrumsnær lys leilighet med mulighet for leie av parkering,Vaisenhusgate 39B -  Stavanger, 80 m²,12 000 kr,Witro AS,Leilighetfinn.no/realestate/lettings/ad.html?finnkode=172655576,
161763721,Enebolig/feriehus til leie på Fogn,Hovdadalen 56 -  Fogn, 90 m²,6 000 kr,Privat,Eneboligfinn.no/realestate/lettings/ad.html?finnkode=161763721,
94769456,Sentral  leilighet m/3 soverom,Pedersgt.102 a -  Stavanger, 68 m²,12 000 kr,Privat,Leilighetfinn.no/realestate/lettings/ad.html?finnkode=94769456,
173701465,Leilighet med utsikt 2.etj,Dusavikveien 90 -  Stavanger, 80 m²,9 000 kr,Privat,Leilighetfinn.no/realestate/lettings/ad.html?finnkode=173701465,
173705683,HINNA/JÅTTEN - LEDIG 1.APRIL - Flott -  leilighet med 2 soverom -  parkering -  terrasse og utsikt. Møblert,Boremarkveien 31 -  Stavanger, 55 m²,12 500 kr,Utleiemegleren Stavanger,Leilighetfinn.no/realestate/lettings/ad.html?finnkode=173705683,
173392296,3D/ VIRTUAL TOUR: Østre bydel- Moderne leilighet med 2 soverom -  fullt møblert / Modern apartment with two bedrooms -  fully furnished.,Breivikveien 31 A H0404 -  Stavanger, ikke oppgitt,17 000 kr,EiendomsMegler 1 Boligutleie,Leilighetfinn.no/realestate/lettings/ad.html?finnkode=173392296,
173693793,Nyere 3-roms leilighet - Møblert etter avtale - stor balkong - utsikt - takterrasse.,Hamneveien 15 -  Stavanger, 83 m²,14 000 kr,Utleiemegleren Stavanger,Leilighetfinn.no/realestate/lettings/ad.html?finnkode=173693793,
83339478,Sentral og lys leilighet med nydelige hage!,SMALGANGEN 7 -  Stavanger, 27 m²,6 800 kr,Privat,Leilighetfinn.no/realestate/lettings/ad.html?finnkode=83339478,
76110366,Godkjent nyere sokkelleilighet - Tasta,Skogstøveien 46 -  Stavanger, 50 m²,9 000 kr,Privat,Leilighetfinn.no/realestate/lettings/ad.html?finnkode=76110366,
112428689,Stavanger Øst - stilren toppleilighet med høy standard og god planløsning,Rennesøygata 14 G -  Stavanger, 85 m²,15 500 kr,Privat,Leilighetfinn.no/realestate/lettings/ad.html?finnkode=112428689,
173649957,Nyere oppusset leilighet med 3 soverom ledig fra 01.06.2020,Madlaveien 36 -  Stavanger, 72 m²,12 500 kr,Privat,Leilighetfinn.no/realestate/lettings/ad.html?finnkode=173649957,
172905448,Fullt møblert leilighet sentralt Stavanger,Hasivgt 10 1. etasje -  Stavanger, 70 m²,9 000 kr,Privat,Leilighetfinn.no/realestate/lettings/ad.html?finnkode=172905448,
169510249,Sentrum - Lys møblert leilighet ved sjøen - 2 soverom / Bright and furnished apartment by the sea - 2 bedrooms,Verven 10 H0404 -  Stavanger, 68 m²,12 000 kr,EiendomsMegler 1 Boligutleie,Leilighetfinn.no/realestate/lettings/ad.html?finnkode=169510249,
173623484,STAVANGER SENTRUM- Kjekk og lettstelt leilighet med 2 soverom,Valberggata 14 -  Leil 2 -  Stavanger, 45 m²,8 000 kr,Utleiemegleren Stavanger,Leilighetfinn.no/realestate/lettings/ad.html?finnkode=173623484,
173623266,Lys og fin 2- roms leilighet med sentral beliggenhet,Valberggata 14 -  Leil 3 -  Stavanger, 45 m²,7 700 kr,Utleiemegleren Stavanger,Leilighetfinn.no/realestate/lettings/ad.html?finnkode=173623266,
100069903,Innbydende leilighet sentralt i Stavanger - Alt inkludert,ROSENLI 15 -  Stavanger, 51 m²,11 700 kr,Privat,Leilighetfinn.no/realestate/lettings/ad.html?finnkode=100069903,
106160743,Lys og innholdsrik leilighet til leie,Myrveien 1 -  Stavanger, 62 m²,11 000 kr,Privat,Leilighetfinn.no/realestate/lettings/ad.html?finnkode=106160743,
173621037,SUNDE- Lekker 3- roms endeleilighet i 2 Etg- Møblert- Kabeltv -  bredbånd og fjernvarme inkludert,Rytterhøyden 64 -  Hafrsfjord, 58 m²,11 000 kr,Utleiemegleren Stavanger,Leilighetfinn.no/realestate/lettings/ad.html?finnkode=173621037,
117816398,Stor sentral leilighet - 3 soverom - Møblert/Terasse/Parkering i garasjeanlegg,ÅKRAGATA 9 I -  Stavanger, 90 m²,13 000 kr,Privat,Leilighetfinn.no/realestate/lettings/ad.html?finnkode=117816398,
173592401,Kjekk sokkel leilighet,Gjerdestien 26B -  Hafrsfjord, 70 m²,7 900 kr,Privat,Leilighetfinn.no/realestate/lettings/ad.html?finnkode=173592401,
63538376,Meget pen 3-roms leilighet sentralt på Vestre Platå - fullt møblert,WESSELS GATE 32 -  Stavanger, 65 m²,12 500 kr,Privat,Leilighetfinn.no/realestate/lettings/ad.html?finnkode=63538376,
164354037,Sokkelleilighet på Hinnahøyden,Hordaveien 8B -  Stavanger, 55 m²,9 000 kr,Privat,Leilighetfinn.no/realestate/lettings/ad.html?finnkode=164354037,
173500333,Bolig på Gausel til leie.170 kvm -  2 Bad og 4 sov - ,Nedre Gauselvågen 5 B -  Stavanger, 170 m²,17 500 kr,Privat,Tomannsboligfinn.no/realestate/lettings/ad.html?finnkode=173500333,
109640177,Delvis sokkelleilighet til leie,Kobbungveien 14a -  Hundvåg, 60 m²,8 000 kr,Privat,Leilighetfinn.no/realestate/lettings/ad.html?finnkode=109640177,
85126724,Sentrumsnært Våland,Kaptein Langes gate 5 -  Stavanger, 105 m²,11 500 kr,Privat,Leilighetfinn.no/realestate/lettings/ad.html?finnkode=85126724,
174297127,Leilighet i Stavanger sentrum med 4 soverom,Betalt plassering, 95 m²,14 000 kr,Centrum Apartments AS,Leilighetfinn.no/realestate/lettings/ad.html?finnkode=174297127,
133953406,Rom til leie - Sentrum/Sotrhaug,Lerviksveien 29 -  Stavanger, 10 m²,4 000 kr,Privat,Rom i bofellesskapfinn.no/realestate/lettings/ad.html?finnkode=133953406,
113564370,Fantastisk beliggenhet og utsikt - Vannkanten -  Siriskjær,Stavanger, 67 m²,11 900 kr,Privat,Leilighetfinn.no/realestate/lettings/ad.html?finnkode=113564370,
74379534,Pent og fin leilighet med balkong,TVARABERGKROKEN 2 B -  Hafrsfjord, 75 m²,9 500 kr,Privat,Tomannsboligfinn.no/realestate/lettings/ad.html?finnkode=74379534,
173302933,Sentral leilighet med utsikt over byen,Almeveien 6 -  Stavanger, 84 m²,12 000 kr,Privat,Leilighetfinn.no/realestate/lettings/ad.html?finnkode=173302933,
91977920,Enebolig med mulighet for stor kjøkkenhage tilleie på Mosterøy,Askjeveien 53 -  Mosterøy, 160 m²,11 000 kr,Privat,Eneboligfinn.no/realestate/lettings/ad.html?finnkode=91977920,
173415547,Leilighet til leie,Christian jakobsens gate 18 -  Stavanger, 20 m²,10 000 kr,Privat,Leilighetfinn.no/realestate/lettings/ad.html?finnkode=173415547,
173372799,Ledig rom i lite kollektiv / rom i leilighet / Byfjordparken,Dusavikveien 75 -  Stavanger, 85 m²,6 000 kr,Privat,Rom i bofellesskapfinn.no/realestate/lettings/ad.html?finnkode=173372799,
173388986,Moderne leilighet 2 sov / Modern 2 bedroom apartment.,LABERGET 67 -  Stavanger, 70 m²,14 000 kr,City Housing AS,Leilighetfinn.no/realestate/lettings/ad.html?finnkode=173388986,
173385654,Koselig leilighet i Stavanger sentrum - 2 soverom,Pedersgata 71 -  Stavanger, 59 m²,8 000 kr,Privat,Leilighetfinn.no/realestate/lettings/ad.html?finnkode=173385654,
162295703,Rom i hyggelig jentekollektiv i Stavanger sentrum!,Pedersgata 41 -  Stavanger, 9 m²,4 500 kr,Privat,Rom i bofellesskapfinn.no/realestate/lettings/ad.html?finnkode=162295703,
172773627,Sunde - Hoveddel av enebolig -  umøblert med 5 soverom / Main part of detached house -  unfurnished with 5 bedrooms.,Persokkrossen 7A -  Hafrsfjord, 386 m²,26 000 kr,EiendomsMegler 1 Boligutleie,Leilighetfinn.no/realestate/lettings/ad.html?finnkode=172773627,
169583856,Grannes - Flott leilighet med 1 soverom / Nice apartment with 1 bedrooms,Grannesstien 19 H303 -  Hafrsfjord, 53 m²,10 000 kr,EiendomsMegler 1 Boligutleie,Leilighetfinn.no/realestate/lettings/ad.html?finnkode=169583856,
170992224,Stavanger sentrum- Flott leilighet i vannkanten med 1 soverom. Fast parkering / Nice apartment with 1 bedroom. Park. incl.,Verven 42 -  leili 204 -  Stavanger, 38 m²,10 000 kr,EiendomsMegler 1 Boligutleie,Leilighetfinn.no/realestate/lettings/ad.html?finnkode=170992224,
75494175,Attraktiv -  lys leilighet til leige sentralt i Stavanger. Strøm inkludert.,verven 2 -  Stavanger, 33 m²,8 000 kr,Privat,Leilighetfinn.no/realestate/lettings/ad.html?finnkode=75494175,
168835861,Leilighet til leie - Storhaug,TRAFIKKGATA 14 -  Stavanger, 81 m²,13 000 kr,Privat,Leilighetfinn.no/realestate/lettings/ad.html?finnkode=168835861,
162347335,Ny renovert kjellerleilighet på storhaug inkl -  tv og internett,Avaldsnesgata 64 -  Stavanger, 60 m²,9 500 kr,Privat,Leilighetfinn.no/realestate/lettings/ad.html?finnkode=162347335,
167006683,Utsiktsleilighet på Holmen,Nedre Holmegate 9c -  Stavanger, 50 m²,12 500 kr,Privat,Leilighetfinn.no/realestate/lettings/ad.html?finnkode=167006683,
98441538,Rom i sentral leilighet/bofellesskap -  6 minutter med buss til UiS og sentrum.,Leif Dietrichsons gate 12 D -  Stavanger, 84 m²,3 800 kr,Privat,Rom i bofellesskapfinn.no/realestate/lettings/ad.html?finnkode=98441538,
173178346,Stokka - Pen og velholdt leilighet m/ 4 soverom og 2 bad /Modern apartment with 4 bedrooms and 2 bathrooms,Utleid, 118 m²,Utleid,EiendomsMegler 1 Boligutleie,Leilighetfinn.no/realestate/lettings/ad.html?finnkode=173178346,
173303948,Koselig enebolig på Hillevåg- 4 soverom,Knausen 13 -  Stavanger, 154 m²,16 000 kr,Privat,Eneboligfinn.no/realestate/lettings/ad.html?finnkode=173303948,
173308351,Moderne leilighet 2 sov / Modern 2 bedroom apartment.,ST. OLAVS GATE 9 -  Stavanger, 100 m²,16 000 kr,City Housing AS,Leilighetfinn.no/realestate/lettings/ad.html?finnkode=173308351,
173308720,Pen enebolig - Fantastisk utsikt - 5  soverom - Umøblert/delvis møblert,Søreveien 69 -  Austre Åmøy, 200 m²,14 000 kr,Utleiemegleren Stavanger,Eneboligfinn.no/realestate/lettings/ad.html?finnkode=173308720,
173305903,Modern 2 bedroom apartment / Electricity and internet included,Jåttåvågveien 20B -  Stavanger, 70 m²,16 000 kr,City Housing AS,Leilighetfinn.no/realestate/lettings/ad.html?finnkode=173305903,
158518679,Rom i bofellesskap i Stavanger sentrum,PEDERSGATA 47 -  Stavanger, 6 m²,3 800 kr,Privat,Rom i bofellesskapfinn.no/realestate/lettings/ad.html?finnkode=158518679,
173277278,Fully furnished house for rent,RANDABERGVEIEN 264 B -  Stavanger, 300 m²,30 000 kr,Privat,Eneboligfinn.no/realestate/lettings/ad.html?finnkode=173277278,
173293885,GAUSEL - Nær Equinor/NATO - Leilighet i toppetasje til leie,Glassperleveien 1F -  Stavanger, 55 m²,10 500 kr,Privat,Leilighetfinn.no/realestate/lettings/ad.html?finnkode=173293885,
146964069,Hus til leie i sentrum av Stavanger,BAKERGATA 1 -  Stavanger, 75 m²,10 800 kr,Privat,Eneboligfinn.no/realestate/lettings/ad.html?finnkode=146964069,
173278611,Tjensvoll - Nice leilighet for leie,AXEL PAULSENS GATE 12 -  Stavanger, 62 m²,10 500 kr,Privat,Leilighetfinn.no/realestate/lettings/ad.html?finnkode=173278611,
173261015,GAUSEL - Attraktiv 2-roms hjørneleilighet med stor balkong - 1 (2) soverom - Parkering,Glassperleveien 1 I -  Stavanger, 58 m²,11 500 kr,Utleiemegleren Stavanger,Leilighetfinn.no/realestate/lettings/ad.html?finnkode=173261015,
167963281,Madla - Flott -  møblert leilighet med 2 soverom / Nice furnished apartment with 2 bedrooms,Frodes gate 1B H0201 -  Hafrsfjord, 89 m²,15 000 kr,EiendomsMegler 1 Boligutleie,Leilighetfinn.no/realestate/lettings/ad.html?finnkode=167963281,
173228187,UNIKT PAKKETILBUD - 10 studioleiligheter i Paradis,LAGÅRDSVEIEN 61 -  Stavanger, 25 m²,62 900 kr,Frogner House Apartments AS,Leilighetfinn.no/realestate/lettings/ad.html?finnkode=173228187,
173139468,VERVEN - Fullt møblert leilighet med 2 soverom -  2 bad og en fantastisk sjøutsikt / Fully furnished apartment with two bedrooms -  2 bathrooms and an amazing seaview,Verven 12C H0302 -  Stavanger, 90 m²,20 000 kr,EiendomsMegler 1 Boligutleie,Leilighetfinn.no/realestate/lettings/ad.html?finnkode=173139468,
172157942,Egelandsveien 25B -  Stavanger / Kjekk vertikaltdelt bolig -  umøblert med 3 soverom / Nice semi detached house -  unfurnished with 3 bedrooms,Egelandsveien 25B -  Stavanger, 113 m²,14 000 kr,EiendomsMegler 1 Boligutleie,Rekkehusfinn.no/realestate/lettings/ad.html?finnkode=172157942,
80061776,Stor leilighet med 3 soverom. Kort vei til det meste. Buss og tog stopp i nærheten.,HILLEVÅGSVEIEN 69 -  4016 -  Stavanger, 120 m²,14 500 kr,Privat,Leilighetfinn.no/realestate/lettings/ad.html?finnkode=80061776,
173135655,Lys og skjermet leilighet fra 2006 sentralt plassert i Stavanger Øst. Parkering i lukket anlegg,Haugesundsgata 13B -  Stavanger, 40 m²,9 200 kr,Privat,Leilighetfinn.no/realestate/lettings/ad.html?finnkode=173135655,
155534960,Østhusvik - Nyere enebolig rett ved sjøen til leie - 4 soverom,Nordhusmarka 1 -  Rennesøy, 156 m²,13 500 kr,Privat,Eneboligfinn.no/realestate/lettings/ad.html?finnkode=155534960,
172194550,Ledig leilighet i sentral bygård i Stavanger // Apartment available in Stavanger City Centre,Bratteberggata 31B -  Stavanger, 42 m²,7 800 kr,Privat,Leilighetfinn.no/realestate/lettings/ad.html?finnkode=172194550,
173180824,SENTRUM - 3-roms leilighet - 2 Soverom -  Rett ved fargegata - Umøblert,Bakkegata 18 -  H0101 -  Stavanger, ikke oppgitt,7 000 kr,Utleiemegleren Stavanger,Leilighetfinn.no/realestate/lettings/ad.html?finnkode=173180824,
127114032,Kort/langtid leige. Koselig leilighet  -  5 min spasertur frå sentrum -  2min til lokalbutikken og bussterminalen,Opheimsgata 27 -  Stavanger, 75 m²,15 000 kr,Privat,Leilighetfinn.no/realestate/lettings/ad.html?finnkode=127114032,
134411537,Moderne og stilren familiebolig med etterspurt beliggenhet på Tasta.,Stavanger, 109 m²,15 500 kr,Privat,Tomannsboligfinn.no/realestate/lettings/ad.html?finnkode=134411537,
173102936,3D/ VIRTUAL TOUR: Våland - Koselig -  fullt møblert leilighet med egen hage / Cozy -  fully furnished apartment with own garden.,Johan Thorsens gate 64C U0101 -  Stavanger, 40 m²,9 500 kr,EiendomsMegler 1 Boligutleie,Leilighetfinn.no/realestate/lettings/ad.html?finnkode=173102936,
172820389,3D/ Virtual tour: Byhaugen- Stor arkitekttegnet villa med innholdsrik planløsning og fin skjermet hage / Large architect designed villa with copious floor plans and a nice sheltered garden.,Byhaugkroken 9 -  Stavanger, 350 m²,42 000 kr,EiendomsMegler 1 Boligutleie,Eneboligfinn.no/realestate/lettings/ad.html?finnkode=172820389,
132388619,Leilighet til leie,Hjelmelandsgt.98 -  Stavanger, 77 m²,10 000 kr,Privat,Leilighetfinn.no/realestate/lettings/ad.html?finnkode=132388619,
173104269,Vestvent 3 roms leilighet med utsikt og innglasset terrasse,MADLASTOKKEN 26 -  Hafrsfjord, 73 m²,12 500 kr,Privat,Leilighetfinn.no/realestate/lettings/ad.html?finnkode=173104269,
75343835,Leilighet i 3.etasje til leie,Kaptein Mejlændersgt.12 -  Stavanger, 45 m²,8 100 kr,Privat,Hybelfinn.no/realestate/lettings/ad.html?finnkode=75343835,
76031659,Flott fullt møblert sokkelleilighet på Kalhammeren/Byhaugen/Bjergsted,NORHEIMSSVINGEN 1 B -  Stavanger, 62 m²,9 000 kr,Privat,Leilighetfinn.no/realestate/lettings/ad.html?finnkode=76031659,
117994225,Sjøutsikt i Stavanger Sentrum,BØREHAUGEN 3 -  Stavanger, 90 m²,14 500 kr,Privat,Leilighetfinn.no/realestate/lettings/ad.html?finnkode=117994225,
75437326,NYERE LYS SOKKELLEILIGHET- SENTRALT PÅ VÅLAND,Stavanger, 40 m²,7 000 kr,Privat,Leilighetfinn.no/realestate/lettings/ad.html?finnkode=75437326,
173080381,Lekker leilighet med 3 soverom i Stavanger sentrum til leie,St Olavsgate 7 -  Stavanger, 120 m²,20 000 kr,Privat,Leilighetfinn.no/realestate/lettings/ad.html?finnkode=173080381,
150500095,Nye lekre hybler i bofellesskap ca. 250 meter fra nye BI - Stavanger,KALHAMMARVEIEN 32 -  Stavanger, 44 m²,4 800 kr,Privat,Rom i bofellesskapfinn.no/realestate/lettings/ad.html?finnkode=150500095,
174514720,Enebolig med 4 soverom og stor hage til leie,Betalt plassering, 145 m²,12 500 kr,Privat,Eneboligfinn.no/realestate/lettings/ad.html?finnkode=174514720,
173061961,Storhaug -  kjeller-/ sokkel leilighet,Nærbøgt 6 -  Stavanger, 35 m²,7 500 kr,Privat,Leilighetfinn.no/realestate/lettings/ad.html?finnkode=173061961,
140421786,Stor -  lys og sentral leilighet ferdigstilt i 2019. 7 min til tog -  200 meter til direktebuss til UiS/SUS,Gauselstubben 6b -  Stavanger, 58 m²,10 500 kr,Privat,Leilighetfinn.no/realestate/lettings/ad.html?finnkode=140421786,
116375760,Sokkel-leilighet ved siden av tursti -  med utsikt over Hålands-vannet i Stavanger,Friheim 33C -  Sokkel-leilighet -  Hafrsfjord, 72 m²,6 900 kr,Privat,Leilighetfinn.no/realestate/lettings/ad.html?finnkode=116375760,
155201759,Bo i hjertet av Stavanger sentrum - perfekt for par,Øvre Holmegate 15 B -  Stavanger, 38 m²,10 000 kr,Privat,Leilighetfinn.no/realestate/lettings/ad.html?finnkode=155201759,
84163911,Flott leilighet Stavanger sentrum,Nedre Holmegt 9B -  Stavanger, 28 m²,9 000 kr,Privat,Leilighetfinn.no/realestate/lettings/ad.html?finnkode=84163911,
84163843,Fin leilighet med utsikt over Gansfjorden -  heis og garasje,SØRFLÅTVEIEN 76 -  Stavanger, 68 m²,12 500 kr,Privat,Leilighetfinn.no/realestate/lettings/ad.html?finnkode=84163843,
74397453,Ideelt for studenter -   toppleil.m/2 sov og takterrasse i Stavanger Sentrum,LØKKEVEIEN 65 -  Stavanger, 60 m²,9 000 kr,Privat,Leilighetfinn.no/realestate/lettings/ad.html?finnkode=74397453,
95279110,Lys og trivelig 3-roms leilighet nær UiS,Grannes terrasse 86 -  Hafrsfjord, 80 m²,10 000 kr,Privat,Leilighetfinn.no/realestate/lettings/ad.html?finnkode=95279110,
172918089,Rom i bofellesskap sentrumsnært.,NYMANSVEIEN 128 -  Stavanger, 10 m²,4 900 kr,Privat,Rom i bofellesskapfinn.no/realestate/lettings/ad.html?finnkode=172918089,
137554551,HINNA/Vaulen - Nyoppusset familiebolig med panoramautsikt,SEVJEBRÅTET 11 -  Stavanger, 125 m²,19 500 kr,Privat,Eneboligfinn.no/realestate/lettings/ad.html?finnkode=137554551,
170160905,Leilighet med 2 soverom -  på Eiganes til leie,EIGANESVEIEN 105 -  Stavanger, 110 m²,16 000 kr,Privat,Leilighetfinn.no/realestate/lettings/ad.html?finnkode=170160905,
76304189,1 rom i bofellesskap -  møblert -  3 min gange til UIS; godkj. utleie; bal. vent.,Granneskleiva 38 -  Hafrsfjord, 10 m²,4 000 kr,Privat,Rom i bofellesskapfinn.no/realestate/lettings/ad.html?finnkode=76304189,
83205584,Korttidsleie leilighet Stavanger sentrum - Furnished and equipped short term apartments,Verksgata 1 D -  Stavanger, 30 m²,16 500 kr,Privat,Leilighetfinn.no/realestate/lettings/ad.html?finnkode=83205584,
172887482,Tilgjengelig nå! Alt inkludert. Stå opp til soloppgang og fantastisk utsikt over fjorden!,Siriskjeret 13A -  Stavanger, 57 m²,13 800 kr,Privat,Leilighetfinn.no/realestate/lettings/ad.html?finnkode=172887482,
168845017,Leil til leie kvernevik,Hafrsfjord, 50 m²,8 000 kr,Privat,Leilighetfinn.no/realestate/lettings/ad.html?finnkode=168845017,
172884252,Garasje til leie,Misjonsveien 49 -  Stavanger, 28 m²,1 500 kr,Privat,Garasje/Parkeringfinn.no/realestate/lettings/ad.html?finnkode=172884252,
172878641,VERVEN- Attraktiv møblert leilighet - parkering i fellesgarasje,Verven 2B -  Stavanger, 33 m²,8 500 kr,Utleiemegleren Stavanger,Leilighetfinn.no/realestate/lettings/ad.html?finnkode=172878641,
123879833,Søker rolig person til bofelleskap i kjekk og moderne leilighet,Stavanger, 9 m²,5 900 kr,Privat,Rom i bofellesskapfinn.no/realestate/lettings/ad.html?finnkode=123879833,
32470359,House with a fantastic sea view and garasje .,Bokna veien.20B -  Stavanger, 120 m²,13 500 kr,Privat,Eneboligfinn.no/realestate/lettings/ad.html?finnkode=32470359,
172729374,2 bedroom flat,140 pedersgata -  Stavanger, 60 m²,8 000 kr,Privat,Leilighetfinn.no/realestate/lettings/ad.html?finnkode=172729374,
172838399,Nyoppusset 2-roms sokkelleilighet på Stokka i Stavanger,NEDRE STOKKAVEI 92 -  Stavanger, 55 m²,9 500 kr,Privat,Leilighetfinn.no/realestate/lettings/ad.html?finnkode=172838399,
172828474,Flott -  vertikaldelt tomannsbolig -  4 soverom -  2 bad -  garasje. MØBLERT/UMØBLERT etter avtale. Nærhet til ISS. Ledig 1.juli!,Sersjantsvingen 34 -  Hafrsfjord, 160 m²,25 000 kr,Utleiemegleren Stavanger,Tomannsboligfinn.no/realestate/lettings/ad.html?finnkode=172828474,
172815632,Lekker 3-roms leilighet - møblert etter avtale - parkering,Michael Berentsens gate 18 -  Stavanger, 77 m²,16 900 kr,Utleiemegleren Stavanger,Tomannsboligfinn.no/realestate/lettings/ad.html?finnkode=172815632,
45611445,Trivelig leilighet på Storhaug. 43m2 + hems. Korttidsleie.,Midtre Suldalsgate 18 -  Stavanger, 43 m²,11 500 kr,Privat,Leilighetfinn.no/realestate/lettings/ad.html?finnkode=45611445,
125097576,70m2 Madlamark,Kjotves gate 10 -  Hafrsfjord, 70 m²,8 000 kr,Privat,Leilighetfinn.no/realestate/lettings/ad.html?finnkode=125097576,
172693515,Hinna - Flott hybel i 4. etg,Vågsmyrgata 32 -  Stavanger, 15 m²,6 500 kr,Privat,Hybelfinn.no/realestate/lettings/ad.html?finnkode=172693515,
100438555,Romslig treroms leilighet på Gausel i nærhet av kollektiv transport og butikker,DRONNINGÅSEN 67 -  Stavanger, 88 m²,12 900 kr,Privat,Leilighetfinn.no/realestate/lettings/ad.html?finnkode=100438555,
79830142,Leiligheten i 2 etg og loft -  passer godt for 2-3 studenter.,NEDSTRANDSGATA 54 -  Stavanger, 90 m²,9 000 kr,Privat,Leilighetfinn.no/realestate/lettings/ad.html?finnkode=79830142,
75117035,Stort rom i flott kollektiv nær sentrum - 3 nye bad - Påkostet standard - Terrasse/hage,AVALDSNESGATA 26 -  Stavanger, 12 m²,5 600 kr,Privat,Rom i bofellesskapfinn.no/realestate/lettings/ad.html?finnkode=75117035,
172764493,GAUSEL - Nyere hoveddel av enebolig- 4/5 soverom -  Møblert - Ledig 1.juni.,Dykjelsletta 17 A -  Stavanger, 144 m²,22 000 kr,Utleiemegleren Stavanger,Eneboligfinn.no/realestate/lettings/ad.html?finnkode=172764493,
109172055,LEDIG NÅ. Rom i bofelleskap 4000 alt inkl.,Hafrsfjord, 15 m²,4 000 kr,Privat,Rom i bofellesskapfinn.no/realestate/lettings/ad.html?finnkode=109172055,
75069492,Sentralt  tomannsbolig til leie,Jarleveien 13 -  Stavanger, 130 m²,13 000 kr,Privat,Tomannsboligfinn.no/realestate/lettings/ad.html?finnkode=75069492,
172740748,- Hybelleilighet i Stavanger sentrum - Eget kjøkken og bad -,Bakkegata 18 -  Hybel H0301 -  Stavanger, ikke oppgitt,5 000 kr,Utleiemegleren Stavanger,Leilighetfinn.no/realestate/lettings/ad.html?finnkode=172740748,
172740145,TASTA 3-roms leilighet -  2 soverom -  terrasse og parkering. Delvis møblert,Fjellstølveien 7 -  Stavanger, 58 m²,11 000 kr,Utleiemegleren Stavanger,Leilighetfinn.no/realestate/lettings/ad.html?finnkode=172740145,
89973499,Pen leilighet til leie!,Hafrsfjord, 82 m²,10 000 kr,Privat,Leilighetfinn.no/realestate/lettings/ad.html?finnkode=89973499,
168035725,Flott og lys leilighet med 2 soverom i nedre Vaulen-Modern 2 bedrooms apartment,Stavanger, 65 m²,8 700 kr,Privat,Leilighetfinn.no/realestate/lettings/ad.html?finnkode=168035725,
153363131,Lys og fin byggegodkjent sokkel leilighet i bofellesskap med 3 soverom.,Madlalia 19 b -  Hafrsfjord, 72 m²,5 000 kr,Privat,Rom i bofellesskapfinn.no/realestate/lettings/ad.html?finnkode=153363131,
74983731,Rom ledig i bofellesskap ved Bjergstedparken 15 min gange fra sentrum,KALHAMMARKROKEN 1 -  Stavanger, 10 m²,4 900 kr,Privat,Rom i bofellesskapfinn.no/realestate/lettings/ad.html?finnkode=74983731,
172658947,Eiganes - Nyere 3-roms med 2 soverom og 2 bad - 3. etasje - Rolig og sentralt,Utleid, 90 m²,Utleid,Utleiemegleren Stavanger,Leilighetfinn.no/realestate/lettings/ad.html?finnkode=172658947,
171159158,Nydelig leilighet med fantastisk beliggenhet rett med sjøen -  sentralt og 10 minutt fra togstasjonen på Gausel,Forusvågen 20 -  Stavanger, 63 m²,10 000 kr,Privat,Leilighetfinn.no/realestate/lettings/ad.html?finnkode=171159158,
97763804,Fin leilighet i Eiganesveien 9a,EIGANESVEIEN 9 A -  Stavanger, 45 m²,7 600 kr,Privat,Leilighetfinn.no/realestate/lettings/ad.html?finnkode=97763804,
166698802,Stavanger Sentrum,MØLLEGATA 60 -  Stavanger, 40 m²,6 800 kr,Privat,Leilighetfinn.no/realestate/lettings/ad.html?finnkode=166698802,
76581794,1 rom ledig Jentebofellesskap nær UIS-studenter inkl. Wi-fi& satelitt/TV,Sørmarksvingen 3B -  Stavanger, 12 m²,3 000 kr,Privat,Rom i bofellesskapfinn.no/realestate/lettings/ad.html?finnkode=76581794,
89936554,Godkjent 3 roms Sokkel leilighet til leie,Kilenotveien 6B -  Hundvåg, 58 m²,10 000 kr,Privat,Leilighetfinn.no/realestate/lettings/ad.html?finnkode=89936554,
172297646,3D/ VIRTUAL TOUR: Vassøy- Koselig møblert enebolig med 4 soverom og fin hage/ Cosy and furnished detached house with 4 bedrooms and nice garden,Regeberget 8 -  Vassøy, 136 m²,16 000 kr,EiendomsMegler 1 Boligutleie,Eneboligfinn.no/realestate/lettings/ad.html?finnkode=172297646,
165253840,Stavanger Øst - Kjekk og sentral leilighet med 2 soverom - møblert /  Nice apartment with 2 bedrooms - furnished,Sletten 9 -  H0302 -  Stavanger, 61 m²,10 800 kr,EiendomsMegler 1 Boligutleie,Leilighetfinn.no/realestate/lettings/ad.html?finnkode=165253840,
172576045,STAVANGER SENTRUM- Sjarmerende 2(3) roms leilighet i 2 Etg. - Møblert,Olav Kyrres gate 5 -  Stavanger, 53 m²,9 000 kr,Utleiemegleren Stavanger,Leilighetfinn.no/realestate/lettings/ad.html?finnkode=172576045,
172561488,Leilighet til leie,FRIHEIM 64C -  Hafrsfjord, 65 m²,7 000 kr,Privat,Leilighetfinn.no/realestate/lettings/ad.html?finnkode=172561488,
123590681,Fullt Møblert leilighet med privat parkering! (central apt: furnished w parking),SANDEIDGATA 11 -  Stavanger, 65 m²,11 000 kr,Privat,Leilighetfinn.no/realestate/lettings/ad.html?finnkode=123590681,
83399095,SENTRUM: Flott leilighet med meget høystandard. 3 soverom. 2 p-plasser.,Opheimsgata 31 -  Stavanger, 100 m²,15 000 kr,Privat,Leilighetfinn.no/realestate/lettings/ad.html?finnkode=83399095,
72182212,Moderne leilighet sentralt på Våland,Betalt plassering, 90 m²,16 000 kr,Privat,Tomannsboligfinn.no/realestate/lettings/ad.html?finnkode=72182212,
153148464,1 rom ledig i bofellesskap på toppen av Våland -  nær sykkelsti til UiS.,Biskop Njåls gate 60 -  Stavanger, 12 m²,4 500 kr,Privat,Rom i bofellesskapfinn.no/realestate/lettings/ad.html?finnkode=153148464,
146184012,Leilighet i nytt hus,Feltspatveien 17b -  Stavanger, 58 m²,12 000 kr,Privat,Leilighetfinn.no/realestate/lettings/ad.html?finnkode=146184012,
92244904,Attraktiv leilighet - sentrumsnært,Hjelmelandsgate 28 -  Stavanger, 60 m²,10 000 kr,Privat,Leilighetfinn.no/realestate/lettings/ad.html?finnkode=92244904,
168439578,Leilighet til leie,ØSTHUSVIKVEIEN 17 -  VIKEVÅG -  Rennesøy, 70 m²,8 000 kr,Privat,Leilighetfinn.no/realestate/lettings/ad.html?finnkode=168439578,
172311975,Verven - lys og trivelig 2-roms med hems og terrasse - umøblert,Verven 2 B L230 -  Stavanger, 32 m²,8 000 kr,Utleiemegleren Stavanger,Leilighetfinn.no/realestate/lettings/ad.html?finnkode=172311975,
128491439,Eiganes toppetasje -  penthouse 76kvm + 50kvm terrasse,Holbergsgate 74A -  Stavanger, 76 m²,15 500 kr,Privat,Leilighetfinn.no/realestate/lettings/ad.html?finnkode=128491439,
85309968,Møblert 3 roms leilighet i Stavanger sentrum til leie. (Annonsen var før for 2 leiligheter),Bergelandsgata 33 -  Stavanger, 87 m²,11 500 kr,Privat,Leilighetfinn.no/realestate/lettings/ad.html?finnkode=85309968,
172240028,Gjerdebakken 17 - Nyere leilighet med 3 soverom og god standard - parkering i lukket anlegg - umøblert,Gjerdebakken 17 -  Stavanger, 91 m²,14 500 kr,Utleiemegleren Stavanger,Leilighetfinn.no/realestate/lettings/ad.html?finnkode=172240028,
172206916,EIGANES/BOKKASKOGEN - Klassisk villa med stor hage - Garasje - Møblert,Nedre Tordenskjoldsgate 19 -  Stavanger, 213 m²,30 000 kr,Utleiemegleren Stavanger,Eneboligfinn.no/realestate/lettings/ad.html?finnkode=172206916,
167773002,Bolig på Sandal til leie,Orrestien 22 -  Stavanger, 220 m²,15 500 kr,Privat,Eneboligfinn.no/realestate/lettings/ad.html?finnkode=167773002,
172123237,Lys nyoppusset sentrumsnær leilighet med stor solrik terrasse,Tanke Svilands Gate 65 -  Stavanger, 30 m²,6 500 kr,Privat,Leilighetfinn.no/realestate/lettings/ad.html?finnkode=172123237,
72240874,Flott  2-roms leilighet med sjøutsikt til leie,Breivikveien 29A -  Stavanger, 48 m²,9 000 kr,Privat,Leilighetfinn.no/realestate/lettings/ad.html?finnkode=72240874,
172103275,Rolig og sentralt -  egen leilighet over bakkeplan,PEDERSGATA 79 B -  Stavanger, 21 m²,8 000 kr,Privat,Leilighetfinn.no/realestate/lettings/ad.html?finnkode=172103275,
143787385,Forus-Ny leilighet - 4 etasje - 2 soverom – møblert - P-plass +10 kvm terasse,Geitastova 1 - Leilighet 404 -  Stavanger, 60 m²,13 900 kr,Privat,Leilighetfinn.no/realestate/lettings/ad.html?finnkode=143787385,
172062708,VERVEN - Møblert hybelleilighet - Internett inkl. - Ledig nå!,Verven 38 -  Stavanger, 20 m²,5 900 kr,Utleiemegleren Stavanger,Leilighetfinn.no/realestate/lettings/ad.html?finnkode=172062708,
172021100,Rimelige og sentrumsnære lokaler til leie.,VERVEN 24 A -  Stavanger, 388 m²,19 000 kr,Privat,Andrefinn.no/realestate/lettings/ad.html?finnkode=172021100,
172009247,Verven - møblert leilighet - fransk balkong - inkl TV/Internett,Verven 2B -  Stavanger, 22 m²,7 000 kr,Utleiemegleren Stavanger,Leilighetfinn.no/realestate/lettings/ad.html?finnkode=172009247,
171965696,VÅLAND - Enebolig med 3 soverom og 2 bad -  møblert - Solrik hage- Sentralt,Kong Carlsgate 27 -  Stavanger, 152 m²,16 000 kr,Utleiemegleren Stavanger,Eneboligfinn.no/realestate/lettings/ad.html?finnkode=171965696,
171964918,EIGANES - Nyrenovert leilighet - 2 soverom - Høy standard - Balkong - Møblert,Ivar Aasensvei 5 H0201 -  Stavanger, 65 m²,12 000 kr,Utleiemegleren Stavanger,Leilighetfinn.no/realestate/lettings/ad.html?finnkode=171964918,
171964431,Veritashammaren - 3-roms leilighet med gangavstand til sentrum. Umøblert,Veritashammaren 12 A -  Stavanger, 69 m²,10 000 kr,Utleiemegleren Stavanger,Leilighetfinn.no/realestate/lettings/ad.html?finnkode=171964431,
119523633,Møblert leilighet i Paradis med to soverom,Paradisveien 20 -  Stavanger, 75 m²,9 800 kr,Privat,Leilighetfinn.no/realestate/lettings/ad.html?finnkode=119523633,
169383767,Leilighet på nydelige Vassøy,Solvigveien 2 -  Vassøy, 80 m²,6 000 kr,Privat,Leilighetfinn.no/realestate/lettings/ad.html?finnkode=169383767,
82842046,Lekker studio leilighet med Terasse og egen inngang.,Lervigbrygga 168 -  Stavanger, 43 m²,9 000 kr,Privat,Leilighetfinn.no/realestate/lettings/ad.html?finnkode=82842046,
74719902,Leilighet til leie -  sentralt i Stavanger -  3 soverom.,OPHEIMSGATA 64 -  Stavanger, 80 m²,10 500 kr,Privat,Leilighetfinn.no/realestate/lettings/ad.html?finnkode=74719902,
171855921,Lys og trivelig møblert leilighet i et rolig strøk på Hinna,Vågedalsstubben 13B -  Stavanger, 80 m²,10 000 kr,Privat,Leilighetfinn.no/realestate/lettings/ad.html?finnkode=171855921,
75595356,Lys og lekker leilighet,Steingaten/Holbersgaten. Holbergsgaten 74b -  4009 Stavanger -  Stavanger, 97 m²,16 000 kr,Privat,Leilighetfinn.no/realestate/lettings/ad.html?finnkode=75595356,
72182212,Moderne leilighet sentralt på Våland,Hafrsfjordgata 63 -  Stavanger, 90 m²,16 000 kr,Privat,Tomannsboligfinn.no/realestate/lettings/ad.html?finnkode=72182212,
171776860,Sentral leilighet med 2 soverom,Nymannsveien 36 -  Stavanger, 55 m²,9 500 kr,Privat,Leilighetfinn.no/realestate/lettings/ad.html?finnkode=171776860,
171721348,Nyere 2-roms leilighet -  fullt møblert -  sentralt i Stavanger. Parkering i lukket anlegg. Ledig nå.,Rennesøygt 14A -  Stavanger, 56 m²,12 500 kr,Privat,Leilighetfinn.no/realestate/lettings/ad.html?finnkode=171721348,
126147858,Møblert lys hybelleilighet/ny kjøkken/parkering på Vaulen,Brauta 24 -  Stavanger, 70 m²,10 000 kr,Privat,Leilighetfinn.no/realestate/lettings/ad.html?finnkode=126147858,
171545399,Verven - Lekker 2-roms med stor terrasse og sjøutsikt - møblert,Badehusgata 45 -  Stavanger, 41 m²,10 500 kr,Utleiemegleren Stavanger,Leilighetfinn.no/realestate/lettings/ad.html?finnkode=171545399,
162692203,Sokkelleilighet til leie,Hafrsfjord, 66 m²,8 500 kr,Privat,Leilighetfinn.no/realestate/lettings/ad.html?finnkode=162692203,
171515899,EIGANES- Romslig og fin 3- roms leilighet- Møblert- Kabeltv og Bredbånd inkludert!,Bretlandsgata 47 -  Stavanger, 71 m²,15 000 kr,Utleiemegleren Stavanger,Leilighetfinn.no/realestate/lettings/ad.html?finnkode=171515899,
153337873,2 roms leilighet m/stor terrasse og innendørs parkering m/ladestasjon for El-bil,Grannesstien 19 -  Hafrsfjord, 49 m²,12 350 kr,Privat,Leilighetfinn.no/realestate/lettings/ad.html?finnkode=153337873,
151528517,Leilighet m/2sov delvis møblert - Stavanger sentrum,OLAVSKLEIVÅ 27 -  Stavanger, 75 m²,12 000 kr,Privat,Leilighetfinn.no/realestate/lettings/ad.html?finnkode=151528517,
98211137,Råflott nyere leilighet på Eiganes. Strøm -  internett og rengjøring inkludert!,Stavanger, 90 m²,14 500 kr,Privat,Leilighetfinn.no/realestate/lettings/ad.html?finnkode=98211137,
171340260,Østre bydel -Fullt møblert leilighet med 2 soverom / Fully furnished apartment with 2 bedrooms.,Ole Blix' gate 16. 201 -  Stavanger, 80 m²,10 000 kr,EiendomsMegler 1 Boligutleie,Tomannsboligfinn.no/realestate/lettings/ad.html?finnkode=171340260,
171321289,Lys 2 roms leilighet. Sentral beliggenhet.,SVERDRUPS GATE 46 -  Stavanger, 58 m²,10 500 kr,Privat,Leilighetfinn.no/realestate/lettings/ad.html?finnkode=171321289,
171049393,Sentrum - Treroms leilighet 5 min fra buss/tog-stasjon og Breiavatnet/ Two bedroom apt 5 min from bus/train station,Saudagata 15 -  Stavanger, 54 m²,12 000 kr,Privat,Leilighetfinn.no/realestate/lettings/ad.html?finnkode=171049393,
171359649,Lekker leilighet m/2 soverom -  heis -  stor solrik altan og garasje,Grasholmstubben -  leilighet 306 -  Hundvåg, 80 m²,11 000 kr,Privat,Leilighetfinn.no/realestate/lettings/ad.html?finnkode=171359649,
171363543,Ærverdig og møblert villa med høy standard -  stor tomt og fin beliggenhet.,Niels Abels gate 3A -  Stavanger, 333 m²,50 000 kr,Utleiemegleren Stavanger,Eneboligfinn.no/realestate/lettings/ad.html?finnkode=171363543,
171181298,Leilighet i Stavanger sentrum med 4 soverom,Rokkahaugen 1 -  Stavanger, 85 m²,11 500 kr,Westbo AS,Leilighetfinn.no/realestate/lettings/ad.html?finnkode=171181298,
171094615,STAVANGER SENTRUM- Lys og fin 2- roms leilighet i 4 etg.- Møblert- Utsikt- Internett inkludert- Korttidsleie,Kirkegata 18 -  Stavanger, 45 m²,8 000 kr,Utleiemegleren Stavanger,Leilighetfinn.no/realestate/lettings/ad.html?finnkode=171094615,
170838846,Sentrum - Fullt møblert og fin leilighet med 2 soverom -  terrasse og parkering / Fully furnished and nice apartment with 2 bedrooms -  terrace and parking,Øvre Strandgate 113 -  Stavanger, 110 m²,18 000 kr,EiendomsMegler 1 Boligutleie,Leilighetfinn.no/realestate/lettings/ad.html?finnkode=170838846,
170846475,3D/ VIRTUAL TOUR: Stavanger sentrum - Flott møblert leilighet med 2 soverom / Nice furnished apartment with 2 bedrooms.,St. Olavs gate 11 H1304 (leil. 107) -  Stavanger, 107 m²,24 000 kr,EiendomsMegler 1 Boligutleie,Leilighetfinn.no/realestate/lettings/ad.html?finnkode=170846475,
170924712,MADLA- Flott 3-roms leilighet med stor terrasse og parkering,Madlastokken 2A -  Hafrsfjord, 67 m²,12 500 kr,Utleiemegleren Stavanger,Leilighetfinn.no/realestate/lettings/ad.html?finnkode=170924712,
75687630,Enebolig på Sjernarøy med båtplass  til leie på åremål,Norheimsbergveien 79 -  Sjernarøy, 75 m²,6 000 kr,Privat,Eneboligfinn.no/realestate/lettings/ad.html?finnkode=75687630,
170486880,HUNDVÅG/BUØY - Leilighet med 2 soverom -  delvis møblert. Ledig nå!,Fregattveien 18A -  Hundvåg, 59 m²,9 800 kr,Utleiemegleren Stavanger,Leilighetfinn.no/realestate/lettings/ad.html?finnkode=170486880,
170238547,Landlig beliggende enebolig med 4 soverom og 2 bad,Mehusveien 28 -  Rennesøy, 160 m²,15 000 kr,Utleiemegleren Stavanger,Eneboligfinn.no/realestate/lettings/ad.html?finnkode=170238547,
72135109,3 års gammel moderne kjellerleilighet til leie,Skårungeveien 7 -  Hundvåg, 90 m²,10 000 kr,Privat,Leilighetfinn.no/realestate/lettings/ad.html?finnkode=72135109,
174514720,Enebolig med 4 soverom og stor hage til leie,Betalt plassering, 145 m²,12 500 kr,Privat,Eneboligfinn.no/realestate/lettings/ad.html?finnkode=174514720,
169694491,BUØY - Lekker 4-roms leilighet med høy standard leies ut møblert - Ledig nå,Fregattveien 5 -  Hundvåg, 110 m²,16 500 kr,Utleiemegleren Stavanger,Leilighetfinn.no/realestate/lettings/ad.html?finnkode=169694491,
169245177,Sentrum - lekker 3-roms leilighet med balkong - Parkering i lukket anlegg.,Nedre Holmegate 9B -  Stavanger, 79 m²,23 000 kr,Utleiemegleren Stavanger,Leilighetfinn.no/realestate/lettings/ad.html?finnkode=169245177,
169244885,Verven - Unik leilighet med fantastisk utsikt - møblert,Verven 48 H0802 -  Stavanger, 112 m²,28 000 kr,Utleiemegleren Stavanger,Leilighetfinn.no/realestate/lettings/ad.html?finnkode=169244885,
169006957,Flott 3-roms med nydelig utsikt- Langtidsleie,Sørbøveien 667
Leilighet C3 -  Rennesøy, 83 m²,8 750 kr,Utleiemegleren Stavanger,Leilighetfinn.no/realestate/lettings/ad.html?finnkode=169006957,
168254102,Leilighet midt i Stavanger sentrum - 3 soverom -,Smedgate 7
H0300 -  Stavanger, 73 m²,11 900 kr,Utleiemegleren Stavanger,Leilighetfinn.no/realestate/lettings/ad.html?finnkode=168254102,
167818309,STAVANGER/BJERKSTED - Sjarmerende del av bolig i flotte omgivelser med hage - Møblert - Ledig nå,Jensahagen 5 B -  Stavanger, 100 m²,14 500 kr,Utleiemegleren Stavanger,Tomannsboligfinn.no/realestate/lettings/ad.html?finnkode=167818309,
164634913,3D/ VIRTUAL TOUR: Bjergsted - Sentrumsnær leilighet 2 soverom og 2 balkonger / Apartment with 2 bedrooms and 2 balconies near the city centre. Furnishing to be agreed.,Sverdrups gate 15 H0302 -  Stavanger, 86 m²,17 000 kr,EiendomsMegler 1 Boligutleie,Leilighetfinn.no/realestate/lettings/ad.html?finnkode=164634913,
164356234,3D/ VIRTUAL TOUR: Tasta - Stor familiebolig med 3 stuer -  4 soverom og 3 bad / Large family house with 3 living rooms -  4 bedrooms and 3 bathrooms,Sandsteinveien 2A -  Stavanger, 231 m²,26 000 kr,EiendomsMegler 1 Boligutleie,Eneboligfinn.no/realestate/lettings/ad.html?finnkode=164356234,
164098495,Stor og innholdsrik enebolig i rolig område med 6 soverom -  solrik og skjermet tomt. Umøblert.,Leiteveien 25 -  Stavanger, 337 m²,30 000 kr,Utleiemegleren Stavanger,Eneboligfinn.no/realestate/lettings/ad.html?finnkode=164098495,
162650891,Romslig enebolig med nytt kjøkken og bad - Garasje - inkl TV/Internett,Tjensvollveien 50 -  Stavanger, 152 m²,21 000 kr,Utleiemegleren Stavanger,Eneboligfinn.no/realestate/lettings/ad.html?finnkode=162650891,
162539141,Nyoppusset 3-roms med parkering og balkong. Møblert.,St. Olavs gate 13 -  Stavanger, 107 m²,19 500 kr,Utleiemegleren Stavanger,Leilighetfinn.no/realestate/lettings/ad.html?finnkode=162539141,
162479681,Stavanger sentrum - Nylig oppusset leilighet med flott utsikt - 2 soverom / Newly renovated apartment with nice view - 2 bedrooms.,St. Olavs gate 7 H1302/Leil. 49 -  Stavanger, 107 m²,23 000 kr,EiendomsMegler 1 Boligutleie,Leilighetfinn.no/realestate/lettings/ad.html?finnkode=162479681,
161963766,3D/ VIRTUAL TOUR: Ytre Tasta - Umøblert vertikal-delt bolig med 3 (4) soverom og 3 bad / Unfurnished semi-detached house with 3 (4) bedrooms and 3 bathrooms,Finnestadveien 47 -  Stavanger, 208 m²,22 000 kr,EiendomsMegler 1 Boligutleie,Tomannsboligfinn.no/realestate/lettings/ad.html?finnkode=161963766,
161894112,3D/ VIRTUAL TOUR: Madla - Korttidsleie - Fullt møblert rekkehus med nydelig utsikt over Hafrsfjord - 3 soverom til leie for 1 år / Shortterm rent - Fully furnished row-house with beautiful view to Hafrsfjord - 3 bedrooms for rent for 1 year,Utleid, 109 m²,Utleid,EiendomsMegler 1 Boligutleie,Rekkehusfinn.no/realestate/lettings/ad.html?finnkode=161894112,
161708225,Moderne leilighet 2 sov med balkong / Modern 2 bedroom apartment with balcony,ØVRE STRANDGATE 113 -  Stavanger, 100 m²,21 000 kr,City Housing AS,Leilighetfinn.no/realestate/lettings/ad.html?finnkode=161708225,
161245969,SVG CENTER *Big room *Behind SAS Radisson Atlantic *200M to train/busstation,KNUD HOLMS GATE 12 -  Stavanger, 15 m²,3 900 kr,Kheop AS,Rom i bofellesskapfinn.no/realestate/lettings/ad.html?finnkode=161245969,
157351019,Leilighet med 4 soverom Stavanger Sentrum,Møllegata 81 -  Stavanger, 80 m²,9 000 kr,Westbo AS,Leilighetfinn.no/realestate/lettings/ad.html?finnkode=157351019,
157350905,Leilighet Stavanger sentrum 2 soverom -  Stokka,Christian Skredsvigs vei 5 -  Stavanger, 60 m²,8 500 kr,Westbo AS,Leilighetfinn.no/realestate/lettings/ad.html?finnkode=157350905,
157350287,Leilighet i Stavanger Sentrum -  1 soverom.,Møllegata 81 -  Stavanger, 50 m²,7 500 kr,Westbo AS,Leilighetfinn.no/realestate/lettings/ad.html?finnkode=157350287,
157350138,Leilighet Stavanger sentrum 150m2,Køhlersvei 13 -  Stavanger, 150 m²,23 000 kr,Westbo AS,Leilighetfinn.no/realestate/lettings/ad.html?finnkode=157350138,
156645446,Leilighet i Stavanger sentrum med 2 soverom,Møllegata 81 -  Stavanger, 60 m²,9 000 kr,Westbo AS,Leilighetfinn.no/realestate/lettings/ad.html?finnkode=156645446,
146618772,Moderne leilighet 1 sov / Modern 1 bedroom apartment.,Jåttåvågveien 22 -  Stavanger, 58 m²,14 000 kr,City Housing AS,Leilighetfinn.no/realestate/lettings/ad.html?finnkode=146618772,
142338006,Kampen/Eiganes * Lys trivelig *50m fra Coop/Romsøe/Al Forno *Ledig nå,SOLBAKKEVEIEN 12 -  Stavanger, 35 m²,7 900 kr,Kheop AS,Leilighetfinn.no/realestate/lettings/ad.html?finnkode=142338006,
141763664,UTLEID/NOT FREE  Liveien 4a -  Hinna bofellesskap/shared home kr 3500,Liveien 4A -  Stavanger, 15 m²,3 500 kr,Permaform Materials AS,Rom i bofellesskapfinn.no/realestate/lettings/ad.html?finnkode=141763664,
139742667,Center *Room in shared flat by the center *Only 3 rooms *500/500 internet,EIGANESVEIEN 13 B -  Stavanger, 80 m²,3 900 kr,Kheop AS,Leilighetfinn.no/realestate/lettings/ad.html?finnkode=139742667,
138739063,Leilighet Stavanger sentrum 4 soverom,Nedre Tordenskjolds gt 14 -  Stavanger, 95 m²,15 000 kr,Westbo AS,Leilighetfinn.no/realestate/lettings/ad.html?finnkode=138739063,
129151017,STAVANGER SENTRUM: Fantastisk 2-roms leilighet i Verksgata 12. Korttid/langtid,VERKSGATA 12 A -  Stavanger, 40 m²,21 500 kr,Frogner House Apartments AS,Leilighetfinn.no/realestate/lettings/ad.html?finnkode=129151017,
125011451,STAVANGER SENTRUM: Ny 4-roms leilighet perfekt for kort/langtidsleie.,VERKSGATA 12 A -  Stavanger, 110 m²,35 000 kr,Frogner House Apartments AS,Leilighetfinn.no/realestate/lettings/ad.html?finnkode=125011451,
125009834,Fantastisk 3-roms leilighet i Stavanger for kort/langtidsleie 8000 - -/uke,VERKSGATA 12 A -  Stavanger, 70 m²,25 000 kr,Frogner House Apartments AS,Leilighetfinn.no/realestate/lettings/ad.html?finnkode=125009834,
115476861,Lys og luftig loftsleilighet med parkering,HJELMELANDSGATA 2 -  Stavanger, 40 m²,8 000 kr,Witro AS,Leilighetfinn.no/realestate/lettings/ad.html?finnkode=115476861,
107059814,Leilighet med 3 soverom Stavanger sentrum,PEDER KLOWS GATE 8 -  Stavanger, 85 m²,12 000 kr,Westbo AS,Leilighetfinn.no/realestate/lettings/ad.html?finnkode=107059814,
105611541,Leilighet i Stavanger sentrum med 2 soverom,Lydersagens gt 18 -  Stavanger, 60 m²,8 500 kr,Westbo AS,Leilighetfinn.no/realestate/lettings/ad.html?finnkode=105611541,
93067352,Leilighet på Eiganes -  2 soverom sentralt,Lars Vaages gt 21 -  Stavanger, 60 m²,11 500 kr,Westbo AS,Leilighetfinn.no/realestate/lettings/ad.html?finnkode=93067352,
92211207,Leilighet i Stavanger sentrum med 2 soverom,PederKlows gate 8 -  Stavanger, 60 m²,10 000 kr,Westbo AS,Leilighetfinn.no/realestate/lettings/ad.html?finnkode=92211207,
83441996,VÅLAND/SVG CENTER: Room 50m from Coop Prix in calm area,KONG CARLS GATE 33 -  Stavanger, 15 m²,3 350 kr,Kheop AS,Rom i bofellesskapfinn.no/realestate/lettings/ad.html?finnkode=83441996,
72072228,Sentrum *2 sov *Varme i alle gulv *200m til Domkirken *Fiber *Terrasse,VAISENHUSGATA 24 -  Stavanger, 60 m²,9 900 kr,Kheop AS,Leilighetfinn.no/realestate/lettings/ad.html?finnkode=72072228,
