ID; Beskrivelse; adresse; kvadratmeter; pris;pris per kvadratmeter ; totalpris ; fellesutgifter; megler 
147935138 ; Brensholmen - Delikat og moderne enebolig som sto ferdig i 2013. Fine uteområder. ; Smålia 9, Brensholmen ; 164 m² ; 3650000 kr; 22256 ; EiendomsMegler 1 Rødbanken;0 ; Eier (Selveier) • Enebolig • 3 soverom
164415567 ; Visning 14/4. Lys og trivelig 2-roms leilighet i veldrevet borettslag. Midt mellom sentrum og UNN/UiT. ; Stakkevollvegen 112 B, Tromsø ; 45 m² ; 1698000 kr; 37733 ; Totalpris: 2 099 613 kr ; 6 016 kr ; EiendomsMegler 1 Rødbanken
174528299 ; Visning 14/4. Meget flott 3-roms leilighet på populære Fagereng. Parkering i garasje. Veldrevet borettslag. ; Alaskasvingen 5 C, Tromsø ; 64 m² ; 2990000 kr; 46719 ; Totalpris: 3 550 022 kr ; 7 385 kr ; EiendomsMegler 1 Rødbanken
174633576 ; Tromsdalen - Innholdsrik og flott toppleilighet med integrert garasje i meget barnevennlig boligområde i Tromsdalen. ; Turistvegen 80, Tromsdalen ; 143 m² ; 4990000 kr; 34895 ; Totalpris: 5 115 920 kr ; 705 kr ; EiendomsMegler 1 Rødbanken
174766621 ; Flott enebolig med fantastisk utsikt, garasje og hybel i attraktive Vesterlia. ; Grønlandsvegen 6 A, Tromsø ; 196 m² ; 8600000 kr; 43878 ; Totalpris: 8 816 170 kr;0 ; EiendomsMegler 1 Rødbanken
174611988 ; Stilren og topp moderne leilighet midt i sentrum. Skjermet beliggenhet, god standard og nydelig utsikt. ; Strandskillet 5 E, Tromsø ; 46 m² ; 3150000 kr; 68478 ; Totalpris: 3 229 920 kr ; 2 566 kr ; EiendomsMegler 1 Rødbanken
174950827 ; Salg av kontraktposisjon - Helt ny leilighet med garasje. Påkostet  kjøkken med hvitevarer, baderomsinnredning/dusj og dør mellom entre og stue. ; Elvegata 14 - SOLSEILET - Leilighet 402, Tromsø ; 73 m² ; 4930000 kr; 67534 ; Totalpris: 4 930 000 kr;0 ; EiendomsMegler 1 Rødbanken
174950747 ; Kræmer - Enebolig som ligger sentralt i forhold til sentrum og UNN/UITØ. Boligen har behov for renovering/oppussing. ; Stakkevollvegen 84, Tromsø ; 124 m² ; 3600000 kr; 29032 ; Totalpris: 3 691 170 kr;0 ; EiendomsMegler 1 Rødbanken
174950690 ; Sentrum Nord - Trivelig 2-roms leilighet med god utsikt mot Tromsøsundet,  en liten spasertur unna Tromsø sentrum. ; Seminarbakken 31, Tromsø ; 39 m² ; 2590000 kr; 66410 ; Totalpris: 2 658 637 kr ; 2 319 kr ; EiendomsMegler 1 Rødbanken
174863044 ; Guleng/Godthåp - Prisgunstig 2- roms toppleilighet midt mellom UNN/ UIT og sentrum. ; Stakkevollvegen 114 D, Tromsø ; 45 m² ; 1970000 kr; 43778 ; Totalpris: 2 360 168 kr ; 6 316 kr ; EiendomsMegler 1 Rødbanken
171964582 ; Fagereng - Ny pris! Romslig 3-roms leilighet med parkering i garasje. Vestvendt veranda, kort vei til lysløypa m.m. ; Blårevsvingen 2, Tromsø ; 83 m² ; 2390000 kr; 28795 ; Totalpris: 3 537 223 kr ; 7 988 kr ; EiendomsMegler 1 Rødbanken
168449135 ; Ny pris! - Romslig 3-roms leilighet med fin utsikt, vestvendt veranda og garasje. - IN og sikringsordning ; Storbakkvegen 41, Tromsdalen ; 74 m² ; 2290000 kr; 30946 ; Totalpris: 4 260 344 kr ; 9 771 kr ; EiendomsMegler 1 Rødbanken
174850468 ; Tønsvika - Nyere funkisbolig (2015) m/ utleie og en helt fantastisk utsikt over Tromsøysundet, Kvaløya og Tromsøya. ; Tønsvikvegen 277, Krokelvdalen ; 218 m² ; 7990000 kr; 36651 ; Totalpris: 8 190 800 kr;0 ; EiendomsMegler 1 Rødbanken
174508417 ; Myreng - Trivelig 2-roms hjørneleilighet i 7 etg med fantastisk utsikt- og solforhold. Vinterhage. Heis. Utvendig parkering. ; Prestvannvegen 3, Tromsø ; 48 m² ; 2690000 kr; 56042 ; Totalpris: 2 849 752 kr ; 3 931 kr ; EiendomsMegler 1 Rødbanken
174651491 ; Workinntoppen - Eksklusiv 4-roms selveierleilighet i 6. etg. med panoramautsikt. Stor veranda på 53 kvm og 10 kvm sportsbod. Garasje. ; Workinntoppen 24, Tromsø ; 79 m² ; 6290000 kr; 79620 ; Totalpris: 6 448 420 kr ; 3 459 kr ; EiendomsMegler 1 Rødbanken
174907415 ; Tromsdalen - Unik og moderne 4-roms toppleilighet med god standard. Fantastiske sol- og utsiktsforhold.  Lave fellesutgifter. Garasje ; Skogvegen 10, Tromsdalen ; 111 m² ; 5690000 kr; 51261 ; Totalpris: 5 833 300 kr ; 683 kr ; EiendomsMegler 1 Rødbanken
168543531 ; Stilren og lekker 3-roms andelsleilighet med attraktiv beliggenhet på Strandkanten. ; Hjalmar Johansens gate 304, Tromsø ; 58 m² ; 1090000 kr; 18793 ; Totalpris: 3 290 830 kr ; 14 549 kr ; EiendomsMegler 1 Rødbanken
174904313 ; Lunheim - Attraktiv leilighet i 3. etg. Flott utsikt og god standard. 4 soverom og parkering. Kort vei til barnehage og skole! ; Tomasjordvegen 239, Tomasjord ; 110 m² ; 3300000 kr; 30000 ; Totalpris: 3 839 737 kr ; 7 125 kr ; GARANTI Eiendomsmegling Tromsø
162576739 ; Ny bolig på Hella/Straumsbukta Moderne standard/løsninger. Utsikt til Hella`s svaberg, Rystraumen, sjø og fjell, solrikt ; Straumsvegen 1711, Straumsbukta ; 84 m² ; 3970000 kr; 47262 ; Totalpris: 4 080 220 kr;0 ; Eie Eiendomsmegling Tromsø
167405417 ; GIMLE - 2-roms selveierleilighet med sentral beliggenhet i gangavstand til UNN/UiT!! ; Idunnvegen 9, Tromsø ; 49 m² ; 2590000 kr; 52857 ; Totalpris: 2 668 713 kr ; 2 946 kr ; Sne Eiendomsmegling AS
144203998 ; Storelva - Stilfull enebolig med flotte detaljer. Totalt 4 romslig soverom og utleie. Ferdig oppført i 2016. Carport. ; Mikkelmyra 3, Kvaløya ; 196 m² ; 7190000 kr; 36684 ; Totalpris: 7 371 092 kr;0 ; DNB Eiendom AS
106779405 ; Det gode liv på taket av Tromsø - Solseilet, byens signaturbygg. ; Solseilet - Sentrum Nord, Tromsø ; 35 - 137 m² ; 3400000 - 13400000 kr; 97143 - 97810 ; Totalpris: 3 406 820 - 13 424 850 kr;0 ; EiendomsMegler 1 Rødbanken
174839672 ; Nyere 3-roms beliggende nord i sentrum- direkte adkomst til felles bakgård- god standard - bør ses! ; Seminargata 5, Tromsø ; 45 m² ; 1650000 kr; 36667 ; Totalpris: 2 991 944 kr ; 6 839 kr ; GARANTI Eiendomsmegling Tromsø
167023337 ; Eksklusive rekkehus og tomannsbolig beliggende midt i hjertet av Tromsdalen I 2 SOLGT I Flott utsikt I Gode solforhold I Carport I Barnevennlig ; Myrvegen 109, Tromsdalen ; 106 - 128 m² ; 6190000 - 7290000 kr; 58396 - 56953 ; Eier (Selveier) ; Rekkehus ; Hjem Eiendomsmegling
149946242 ; Erikjord/Berg - Svært påkostet og gjennomført vestvendt enebolig med garasje og mulighet for utleie! ; Erikjordvegen 20, Tromsdalen ; 283 m² ; 10500000 kr; 37102 ; Totalpris: 10 774 650 kr;0 ; GARANTI Eiendomsmegling Tromsø
172789072 ; NY PRIS! Strøken 3-roms selveierleilighet fra 2015 med havutsikt, veranda og garasje. Gangavstand til sentrum. ; Strandvegen 102 G, Tromsø ; 74 m² ; 4275000 kr; 57770 ; Totalpris: 4 383 040 kr ; 3 071 kr ; EiendomsMegler 1 Rødbanken
169739185 ; Mortensnes - Stor enebolig m/ garasje og utleie. Barnevennlig og solrikt område sentralt på Mortensnes. ; Winston Churchills veg 41, Tromsø ; 238 m² ; 7990000 kr; 33571 ; Totalpris: 8 190 800 kr;0 ; EiendomsMegler 1 Rødbanken
164954564 ; Prisgunstige 2 og 3 roms leiligheter. ; Øvre ÅSEN, Tromsdalen ; 33 - 50 m² ; 2190000 - 3290000 kr; 66364 - 65800 ; Totalpris: 2 219 500 - 3 319 500 kr;0 ; EiendomsMegler 1 Rødbanken
106655407 ; MIDTRE KALDSLETT -  4 nye leiligheter med garasjeplass, sportsbod og heis. Leilighetene er ferdig bygget og kan overtas etter avtale. Ta kontakt for privat visning! ; Slipelvvegen 33/35, Tromsdalen ; 112 - 120 m² ; 6590000 - 7690000 kr; 58839 - 64083 ; Totalpris: 6 620 500 - 7 720 500 kr;0 ; DNB Eiendom AS
174657762 ; Sør-Tromsøya - NYHET - Renovert, moderne og innflytningsklar 4-roms selveier med gode solforhold i et familievennlig nabolag! ; Mellomvegen 136, seksjon 2, Tromsø ; 84 m² ; 4790000 kr; 57024 ; Totalpris: 4 911 092 kr;0 ; Sne Eiendomsmegling AS
169089456 ; Visn 7/4. 3-roms toppleilighet med en helt fantastisk utsikt. Garasje og stor terrasse. ; Workinntoppen bygg E3-703, Tromsø ; 77 m² ; 6770000 kr; 87922 ; Totalpris: 6 785 050 kr;0 ; EiendomsMegler 1 Rødbanken
174655734 ; Visn 7/4. Utrolig flott og romslig leilighet med hybel og garasje. Sørvestvendt beliggenhet med 3 terrasser. ; Workinntoppen bygg E3-305, Tromsø ; 115 m² ; 7990000 kr; 69478 ; Totalpris: 8 013 350 kr;0 ; EiendomsMegler 1 Rødbanken
174572924 ; Håpet - Ta kontakt for å avtale visningstidspunkt. Pen 2-roms hjørneleilighet i 5. etg med balkong og utsikt. Heis. ; Winston Churchills veg 86, Tromsø ; 47 m² ; 2060000 kr; 43830 ; Totalpris: 2 487 892 kr ; 7 335 kr ; EiendomsMegler 1 Borettslag Tromsø
147005416 ; Sentrum - Stor prisgunstig 3-roms leilighet i 3 etg, med balkong og heis. ; Storgata 125 H0304, Tromsø ; 66 m² ; 940000 kr; 14242 ; Totalpris: 2 899 426 kr ; 15 316 kr ; Eie Eiendomsmegling Tromsø
174649835 ; KROKEN SØR - Visning onsdag 8/4 kl. 17.00 - 18.00 - Stor og barnevennlig enebolig med garasje på flott utsiktstomt !! ; Turkisvegen 4, Krokelvdalen ; 188 m² ; 7200000 kr; 38298 ; Totalpris: 7 381 342 kr;0 ; Sne Eiendomsmegling AS
174648559 ; TROMSDALEN - Stor og moderne leilighet i 1. etasje med praktisk planløsning og terrasse - Sentralt i Tromsdalen! ; Bjerkengvegen 5, Tromsdalen ; 84 m² ; 4690000 kr; 55833 ; Eier (Selveier) ; Leilighet  ; Sne Eiendomsmegling AS
174572104 ; Stakkevollan - Innholdsrik 4-roms beliggende i fremste rekke på Utsikten!  Stor terrasse! Fantastisk utsikt. Parkering. ; Utsikten 66, Tromsø ; 99 m² ; 3170000 kr; 32020 ; Totalpris: 3 373 441 kr ; 6 552 kr ; EiendomsMegler 1 Borettslag Tromsø
174623009 ; Tromsdalen - Godt vedlikeholdt og pen enebolig med særlig stor hage. Solrikt og stille område. 2 bad, 2 kjøkken, 3 soverom, 3 stuer ; Ringstadvegen 8, Tromsdalen ; 155 m² ; 5990000 kr; 38645 ; Totalpris: 6 141 092 kr;0 ; DNB Eiendom AS
170506898 ; TROMSDALEN - Innholdsrik enebolig med utleieleilighet, carport og flott utsikt over Tromsøysundet! ; Møllervegen 4, Tromsdalen ; 201 m² ; 6640000 kr; 33035 ; Totalpris: 6 817 642 kr;0 ; Sne Eiendomsmegling AS
174612938 ; Tomasjordnes - 3-roms med parkering og utsikt mot nord- Strøm inkl. i felleskostnader - Gode rentebetingelser ; Tomasjordnes 126, Tomasjord ; 48 m² ; 1150000 kr; 23958 ; Totalpris: 2 515 978 kr ; 11 995 kr ; EiendomsMegler 1 Tromsø Strandgata
171567818 ; Tromsdalen - Innholdsrik familiebolig | garasje | Terrasser | 4 soverom | Kjellerstue | Gode solforhold | Hagestue ; Krokvegen 50, Tromsdalen ; 167 m² ; 4930000 kr; 29521 ; Totalpris: 5 072 624 kr;0 ; Hjem Eiendomsmegling
164729401 ; TA KONTAKT FOR VISNING !Romslig 2-roms med vinterhage og parkering i garasje. ; Granittvegen 48, Krokelvdalen ; 54 m² ; 1880000 kr; 34815 ; Totalpris: 2 536 223 kr ; 6 385 kr ; GARANTI Eiendomsmegling Tromsø
174562207 ; Prisgunstig 2-roms med morderniseringsbehov i veletablert og populært borettslag! ; Gneisvegen 163, Krokelvdalen ; 54 m² ; 1690000 kr; 31296 ; Totalpris: 2 138 445 kr ; 5 458 kr ; GARANTI Eiendomsmegling Tromsø
174556204 ; Tromsdalen - Stor og innholdsrik enebolig med 3-roms utleieleilighet. Meget attraktiv beliggenhet. Fantastisk utsikt. Garasje. ; Heggåsvegen 3, Tromsdalen ; 240 m² ; 8990000 kr; 37458 ; Totalpris: 9 215 920 kr;0 ; EiendomsMegler 1 Strandtorget
174555776 ; Krokelvdalen - Selveiet 3- roms front/ hjørneleilighet mot nordvest, med sundet og sola rett inn i vinduet!
Heis og  garasjeplass ; Gullvegen 20, Krokelvdalen ; 78 m² ; 4850000 kr; 62179 ; Totalpris: 4 972 592 kr ; 3 147 kr ; DNB Eiendom AS
174549478 ; Salg av kontraktposisjon - Flott og romslig 3 roms hjørneleilighet med nydelig utsikt mot sentrum/storgata  og har sør/vest vendt beliggenhet. ; Solseilet - Sentrum Nord 705, Tromsø ; 74 m² ; 5640000 kr; 76216 ; Totalpris: 5 654 640 kr;0 ; EiendomsMegler 1 Rødbanken
174546321 ; Norrønna Boligpark - Ny 2-roms leilighet med arealeffektiv planløsning, vestvendt balkong og god standard. (lave.omk.) ; Marmælen G32, Tromsø ; 39 m² ; 2990000 kr; 76667 ; Totalpris: 3 009 876 kr ; 1 067 kr ; DNB Eiendom AS
174541143 ; Krokenstranda / Haveng - Spektakulær frontleilighet i øverste etasje! Fantastisk utsikt, utsøkte solforhold, 100m2 veranda, garasje, heis m.m. ; Gullvegen 22, Krokelvdalen ; 86 m² ; 6600000 kr; 76744 ; Totalpris: 6 771 050 kr ; 3 010 kr ; Hjem Eiendomsmegling
174538937 ; Workinnmarka/Norrøna boligpark - Unik treroms toppetasjeleilighet med nydelig utsikt. Har flere av uteplasser som gir gode solforhold fra morgen til kveld. ; Marmælen H51, Tromsø ; 81 m² ; 8190000 kr; 101111 ; Totalpris: 8 214 809 kr ; 2 507 kr ; DNB Eiendom AS
174529601 ; Tomasjord - Pen og lys enebolig med komplementerende arkitektur i attraktivt boligområde. Flott havutsikt, gode solforhold og stor t ; Tomasjordvegen 131, Tomasjord ; 203 m² ; 7500000 kr; 36946 ; Totalpris: 7 688 842 kr;0 ; DNB Eiendom AS
145099408 ; Ramfjorden - Velkommen til Fagernes/Strandstua, en innholdsrik og stor boligeiendom med flott beliggenhet! ; Fagernesvegen 255, Ramfjordbotn ; 96 m² ; 3600000 kr; 37500 ; Totalpris: 3 702 670 kr;0 ; Hjem Eiendomsmegling
173917166 ; Workinntoppen - Visn 6. april. Eksklusiv 3-roms selveierleilighet, innredet i lekre farger.  Romslig terrasse, 2 sportsboder og garasje. ; Workinntoppen 12, Tromsø ; 63 m² ; 4390000 kr; 69683 ; EiendomsMegler 1 Rødbanken;0 ; Eier (Selveier) • Leilighet • 2 soverom
131304907 ; SKIR - 47 unike leiligheter med strandkantens flotteste beliggenhet, rett ved havet. ; SKIR - BYGG A, Tromsø ; 76 - 158 m² ; 5150000 - 13050000 kr; 67763 - 82595 ; Eier (Selveier) ; Leilighet ; EiendomsMegler 1 Rødbanken
172106729 ; Sentrum - SARAS HAGE -TIL SALGS NÅ! ; Saras Hage/Solseilet, Tromsø ; 42 - 96 m² ; 2890000 - 6490000 kr; 68810 - 67604 ; Totalpris: 2 912 040 - 6 521 490 kr;0 ; EiendomsMegler 1 Rødbanken
174401318 ; Tromsdalen/Reinen - Vertikaldelt bolig på egen tomt - Moderne standard og nydelig utsikt - Beliggende ca. 100 meter fra Reinen skole ; Isbjørnvegen 32, Tromsdalen ; 152 m² ; 5370000 kr; 35329 ; Totalpris: 5 516 920 kr;0 ; Hjem Eiendomsmegling
174442921 ; Oppusset 2-roms leilighet med romslig vestvendt veranda , parkering og nærhet til UiT/UNN! ; Mekanikervegen 8, Tromsø ; 35 m² ; 2300000 kr; 65714 ; Totalpris: 2 414 326 kr ; 1 525 kr ; GARANTI Eiendomsmegling Tromsø
173187790 ; Elverhøy - BUD MOTTATT! Moderne og romslig 4-roms selveier fra 2017, sentralt på Tromsøya, innholdsrike fellesarealer og garasjepla ; Karisvingen 29, Tromsø ; 88 m² ; 4790000 kr; 54432 ; Totalpris: 4 918 320 kr ; 2 909 kr ; GARANTI Eiendomsmegling Tromsø
174425518 ; Krokelvdalen - Meget flott, stilfull og oppgradert 2-roms i fremste rekke med god standard, parkering og vinterhage! ; Gneisvegen 139, Krokelvdalen ; 54 m² ; 2190000 kr; 40556 ; Totalpris: 2 638 446 kr ; 5 638 kr ; GARANTI Eiendomsmegling Tromsø
174419133 ; Sentrum - Bud Mottatt. Husk å avtale visningstid! Spennende og arealeffektiv 2-roms leilighet med hems beliggende i sentrum. ; Storgata 91, Tromsø ; 47 m² ; 3100000 kr; 65957 ; Totalpris: 3 178 842 kr ; 1 892 kr ; DNB Eiendom AS
120287252 ; BJERKAKER VEST - del av Bjerkaker sjøpark - 3 leiligheter klar for innflytting etter avtale. Ta kontakt for privat visning! ; Bjerkaker sjøpark Vest, Tromsø ; 88 - 118 m² ; 2100000 - 4100000 kr; 23864 - 34746 ; Totalpris: 5 276 627 - 10 276 627 kr;0 ; DNB Eiendom AS
174400232 ; Workinnmarka - Pent og praktisk rekkehus i populært boligområde. Barnevennlig, solrikt og rolig område. God planløsning og flott utsikt ; Stubben 16, Tromsø ; 114 m² ; 6100000 kr; 53509 ; Eier (Selveier) ; Rekkehus  ; DNB Eiendom AS
174349392 ; TOPPEN AV TROMSØYA - Tiltalende bolig høy standard i svært attraktivt boområde på toppen av øya - Utsikt, garasje og solrikt! ; Fagerlivegen 34 B, Tromsø ; 93 m² ; 5790000 kr; 62258 ; Totalpris: 5 946 392 kr;0 ; Sne Eiendomsmegling AS
174312320 ; Eneboliger og rekkehus kommer for salg mellom Holt og Fagereng ; Tromsø ; not found ; not found; None ; Eier (Selveier) ; Enebolig, Rekkehus ; PEAB Eiendomsutvikling Nord AS
173875179 ; Tomasjord - Visn Man 06/04 - Romslig  2-roms selveierleilighet med parkering, god utsikts- og solforhold ; Tomasjordvegen 184, Tomasjord ; 52 m² ; 2300000 kr; 44231 ; Totalpris: 2 358 670 kr;0 ; EiendomsMegler 1 Strandtorget
174275316 ; Tomasjordnes 35 - Visn. Man 06/04 - Stilren, moderne og attraktiv 2-roms selveierleilighet fra 2016 ; Tomasjordnes 35, Tomasjord ; 42 m² ; Solgt; None ; Totalpris: 2 655 920 kr ; 2 829 kr ; EiendomsMegler 1 Strandtorget
174263244 ; Påkostet 4-roms rekkehus med god beliggenhet, garasje, vedfyring og bra standard! ; Kvartsvegen 139, Krokelvdalen ; 109 m² ; Solgt; None ; Totalpris: 4 081 003 kr ; 6 903 kr ; GARANTI Eiendomsmegling Tromsø
169532943 ; Ta kontakt for privat visning! Flott seniorleilighet (50+) i rolig boligområde med to soverom, markterrasse og parkering ; Elisestien 41, Tromsdalen ; 82 m² ; 2745000 kr; 33476 ; Totalpris: 3 226 689 kr ; 5 293 kr ; DNB Eiendom AS
144270162 ; SKIR - Nytt byggetrinn med 35 unike leiligheter med strandkantens flotteste beliggenhet, rett ved havet. ; SKIR- BYGG C, Tromsø ; 31 - 80 m² ; 2550000 - 5550000 kr; 82258 - 69375 ; Eier (Selveier) ; Leilighet ; EiendomsMegler 1 Rødbanken
139622048 ; SJØSTIEN - Ny, moderne og lekker toppetasje med stor takterrasse. Tidsriktig leilighet med høy standard og fantastisk utsikt,. Har stor garasjepl. og sportsbod. (lave omk.)  Overtakelse etter avtale. Ta kontakt for privat visning! ; Hamneneset 3 - 5, Tromsø ; 94 m² ; 6650000 kr; 70745 ; Totalpris: 6 676 180 kr;0 ; DNB Eiendom AS
173915832 ; Kroken - Ta kontakt for å avtale visningstidspunkt. Stor 4-roms leilighet med stor veranda. Fast parkeringsplass. ; Malmvegen 218, Krokelvdalen ; 100 m² ; 2780000 kr; 27800 ; Totalpris: 2 998 978 kr ; 5 289 kr ; EiendomsMegler 1 Borettslag Tromsø
174029150 ; SENTRUM - Nyhet! Svært attraktiv eldre bolig med 3 leiligheter, kjeller og garasje - sentral beliggenhet med potensiale! ; Vestregata 38, Tromsø ; 271 m² ; 8100000 kr; 29889 ; Totalpris: 8 314 142 kr;0 ; Sne Eiendomsmegling AS
174005509 ; Grønnåsen - Visn. man 06/04  - Moderne og attraktiv 3-roms toppleilighet med god standard, parkering og eminente utsiktsforhold ; Rødhettestien 5, Tromsø ; 56 m² ; 2390000 kr; 42679 ; Totalpris: 4 179 556 kr ; 10 482 kr ; EiendomsMegler 1 Strandtorget
121161651 ; Velkommen til vakre Workinntoppen; Selveierleiligheter med vestvendt beliggenhet. ; Workinntoppen bygg E3, Tromsø ; 77 - 115 m² ; 6770000 - 8080000 kr; 87922 - 70261 ; Totalpris: 6 785 050 - 8 099 170 kr;0 ; EiendomsMegler 1 Rødbanken
173921372 ; Storelva - Nyrenovert 3-roms i 2 etg med fantastisk utsikt og beliggenhet øverst på Storelva. To terrasser. Garasje. ; Finnsetervegen 25, Kvaløya ; 76 m² ; 2650000 kr; 34868 ; Totalpris: 3 568 024 kr ; 8 580 kr ; EiendomsMegler 1 Rødbanken
174000943 ; SENTRUM NORD - Sentral og lys 2-roms selveierleilighet i veldrevet sameie! ; Storgata 170, Tromsø ; 39 m² ; 2290000 kr; 58718 ; Totalpris: 2 355 692 kr ; 1 056 kr ; Sne Eiendomsmegling AS
174000955 ; SKATTØRA - Stor 3-roms leilighet i fremste rekke med flott utsikt og parkering! ; Skattøra 41, Tromsø ; 84 m² ; 2990000 kr; 35595 ; Totalpris: 3 042 344 kr ; 5 068 kr ; Sne Eiendomsmegling AS
174000938 ; BORGTUN - Nyoppusset selveierleilighet med god standard og stor kjeller, beliggende mellom sentrum og UNN/UiT ; Langsundvegen 31A, Tromsø ; 56 m² ; 2970000 kr; 53036 ; Totalpris: 3 052 692 kr ; 722 kr ; Sne Eiendomsmegling AS
174000878 ; TROMSDALEN - Moderne prosjektert tomannsbolig med garasje, utsikt og mulighet for utleie - Svært attraktivt boligområde! ; Anton Jakobens vei 20A, Tromsdalen ; 247 m² ; 12490000 kr; 50567 ; Eier (Selveier) ; Tomannsbolig  ; Sne Eiendomsmegling AS
174000880 ; TROMSDALEN - Romslig og innholdsrik prosjektert familiebolig med mulighet for utleiedel, fantastisk utsikt og attraktivt boområde! ; Anton Jakobens vei 20B, Tromsdalen ; 236 m² ; 11990000 kr; 50805 ; Eier (Selveier) ; Tomannsbolig  ; Sne Eiendomsmegling AS
174000898 ; Sørtromsøya - Nyhet! Stilren og moderne 4-roms selveierleilighet med meget god standard og parkering! ; Mellomvegen 136, seksjon 1, Tromsø ; 79 m² ; 3850000 kr; 48734 ; Totalpris: 3 954 692 kr;0 ; Sne Eiendomsmegling AS
174000765 ; Fagereng - Fin og lys 3-roms med god planløsning, markerrasse og garasjeplass. Attraktivt boområde. ; Wanny Woldstads veg 29, Tromsø ; 55 m² ; 1790000 kr; 32545 ; Totalpris: 3 333 541 kr ; 8 316 kr ; GARANTI Eiendomsmegling Tromsø
173917166 ; Workinntoppen - Visn 6. april. Eksklusiv 3-roms selveierleilighet, innredet i lekre farger.  Romslig terrasse, 2 sportsboder og garasje. ; Workinntoppen 12, Tromsø ; 63 m² ; 4390000 kr; 69683 ; Totalpris: 4 500 920 kr ; 3 067 kr ; EiendomsMegler 1 Rødbanken
169895001 ; Moderne 4-roms toppleilighet! Veldrevet og ingen forkjøpsrett - Garasje, balkong og flott utsikt! ; Tomasjordnes 264, Tomasjord ; 60 m² ; 2990000 kr; 49833 ; Totalpris: 3 298 565 kr ; 5 394 kr ; Sne Eiendomsmegling AS
173977413 ; Attraktiv og innholdsrik bolig. Vertikaldelt 4-roms med spennende planløsning. Populært område og veldrevet br. lag. ; Solvegen 63, Tomasjord ; 91 m² ; 3190000 kr; 35055 ; Totalpris: 4 137 673 kr ; 7 796 kr ; Eie Eiendomsmegling Tromsø
173966028 ; Storskogen - Lys og fin 2-roms leilighet med sentral og attraktiv beliggenhet. Parkering. Ved små grep kan man få et soverom ekstra. ; Garver Eidissens veg 8, Tromsø ; 71 m² ; 3100000 kr; 43662 ; Totalpris: 3 178 842 kr;0 ; DNB Eiendom AS
173964514 ; Mortensnes - Stor og barnevennlig enebolig med garasje og utleiedel. God og solrik beliggenhet. ; Winston Churchills veg 46, Tromsø ; 197 m² ; 7390000 kr; 37513 ; Totalpris: 7 576 092 kr;0 ; DNB Eiendom AS
173962007 ; Sentrum nord - Lys og praktisk 3-roms leilighet i toppetasjen. Flott utsikt mot Tromsøysundet. Ca. 10 min gange til sentrum. Parkering. ; Erik Vangbergs gate 11, Tromsø ; 76 m² ; 3150000 kr; 41447 ; Totalpris: 3 230 092 kr ; 816 kr ; DNB Eiendom AS
173953975 ; Kræmer - Påskegave til deg selv? Flott og prisgunstig 2-roms i veldrevet borettslag - Egen skjermet markterrasse ; Stakkevollvegen 96 E, Tromsø ; 36 m² ; 1100000 kr; 30556 ; Totalpris: 2 258 060 kr ; 7 924 kr ; EiendomsMegler 1 Tromsø Strandgata
171533130 ; Attraktive og helt nye familieboliger over 3 plan I Garasje I Nydelig havutsikt I Barnevennlig ; Garver Eidissens veg 15, Tromsø ; 123 m² ; 6500000 kr; 52846 ; Totalpris: 6 526 374 kr;0 ; Hjem Eiendomsmegling
173796895 ; Workinnmarka - Lys og moderne 2-roms leilighet med panoramautsikt. Meget attraktivt beliggenhet. Garasje. ; Draugen 219, Tromsø ; 45 m² ; Solgt; None ; Totalpris: 3 332 420 kr ; 2 089 kr ; EiendomsMegler 1 Rødbanken
173860242 ; TROMSØ / SOLENG - Mortensnes - Flott studioleilighet nær UiT/UNN! Perfekt for førstegangskjøperen ; Styrmannsvegen 2, Tromsø ; 32 m² ; 990000 kr; 30938 ; Totalpris: 1 520 903 kr ; 6 179 kr ; PROPR AS
153186265 ; TROMSØ SØRØST - NY PRIS! Innholdsrik og pen 5-roms selveier med flott utsikt og garasje! Barnevennlig område og kort vei til sentrum ; Henrik Wergelands veg 18, Tromsø ; 134 m² ; 4990000 kr; 37239 ; Totalpris: 5 123 192 kr ; 2 143 kr ; Sne Eiendomsmegling AS
161704943 ; Bjerkaker Sjøpark - SALGET ER I GANG -  Leiligheter med moderne løsninger og flott beliggenhet. Siste salgstrinn, ta kontakt for privat VR-visning! ; Bjerkaker sjøpark Bygg D salgstrinn 6, Tromsø ; 30 - 74 m² ; 1036000 - 2636000 kr; 34533 - 35622 ; Totalpris: 2 616 627 - 6 616 627 kr;0 ; DNB Eiendom AS
173838607 ; 3-roms selveierleilighet | 6. etasje | Nydelig utsikt mot sundet | Etablert sameie | Praktisk beliggenhet ; Strandvegen 104C, Tromsø ; 61 m² ; 4390000 kr; 71967 ; Totalpris: 4 508 320 kr ; 2 122 kr ; Hjem Eiendomsmegling
173833822 ; BJERKAKER SJØPARK -   Ny 3-roms hjørneleilighet  med 2 balkonger. Har meget god planløsning med bla. eget vaskerom. Det er heis i bygget og sportsbod på 5 kvm. ; Strandvegen 112A, Tromsø ; 88 m² ; 2100000 kr; 23864 ; Totalpris: 5 276 627 kr ; 9 592 kr ; DNB Eiendom AS
154371043 ; Sollivegen 30 + 28. Enebolig, ubebygd boligtomt + 200 kvm garasjeanlegg. Meget flott beliggenhet med en utrolig utsikt. ; Sollivegen 30, Tromsdalen ; 395 m² ; 22500000 kr; 56962 ; Totalpris: 23 073 470 kr;0 ; Eie Eiendomsmegling Tromsø
172698743 ; 4-roms pen andelsleilighet med flott utsikt og parkering på Varden ; Varden 173, Tromsø ; 95 m² ; 3590000 kr; 37789 ; Totalpris: 3 969 536 kr ; 6 062 kr ; Eie Eiendomsmegling Tromsø
173811514 ; Enebolig på romslig tomt og med nydelig utsikt på Hungeren i Tromsdalen ; Solstrandvegen 65, Tromsdalen ; 80 m² ; 6900000 kr; 86250 ; Totalpris: 7 086 520 kr;0 ; Eie Eiendomsmegling Tromsø
173577816 ; Workinntoppen - Lys og  strøken 2-roms selveier med garasje. Romslig balkong mot sør. Attraktiv beliggenhet i 3 etg på Workinntoppen. ; Workinntoppen 16, Tromsø ; 37 m² ; 3450000 kr; 93243 ; Totalpris: 3 537 420 kr ; 3 119 kr ; EiendomsMegler 1 Rødbanken
172217655 ; TA KONTAKT FOR VISNING!  Populær og romslig 3-roms med flott beliggenhet i nederste rekke-nydelig utsikt! ; Varden 196, Tromsø ; 83 m² ; 2640000 kr; 31807 ; Totalpris: 2 991 553 kr ; 5 254 kr ; GARANTI Eiendomsmegling Tromsø
172826423 ; Strand - Familievennlig og moderne enebolig | Godkjent utleie | Dobbelgarasje | Stor hjørnetomt | Gode sol- og utsiktsforhold ; Strandsneglvegen 5, Kvaløya ; 272 m² ; Solgt; None ; Totalpris: 9 032 624 kr;0 ; Hjem Eiendomsmegling
173780035 ; Stakkevollvegen - 3-roms andelsleilighet på bakkeplan med garasje, terrasse og sentral plassering. ; Stakkevollvegen 100E, Tromsø ; 58 m² ; 1690000 kr; 29138 ; Totalpris: 3 136 309 kr ; 9 862 kr ; DNB Eiendom AS
174419133 ; Sentrum - Bud Mottatt. Husk å avtale visningstid! Spennende og arealeffektiv 2-roms leilighet med hems beliggende i sentrum. ; Storgata 91, Tromsø ; 47 m² ; 3100000 kr; 65957 ; DNB Eiendom AS;0 ; Eier (Selveier) • Leilighet • 1 soverom
164190454 ; SJØKANTEN PARK BYGG A | Nye sentrumsnære leiligheter tilrettelagt for smarthusløsninger ; Sjøkanten Park bygg A, Tromsø ; 38 - 112 m² ; 2790000 - 8490000 kr; 73421 - 75804 ; Eier (Selveier) ; Leilighet ; Consept Bolig
133010876 ; MINUTTET borettslag - 25 byleiligheter midt i sentrum - 24 solgte -  kun 1 igjen! - Tromsø`s hovedpulsåre - 2-3 roms  leiligheter. Innflytting sommer 2020 ; SKANCKESMUGET 1, Tromsø ; 68 m² ; 2740000 kr; 40294 ; Totalpris: 5 480 000 kr;0 ; TotalEiendom
173726901 ; Tromsdalen sør/ Kaldslett - Flott og oppgradert enebolig med nydelig utsikt. 
Ligger i et solrikt og attraktivt boligområde. ; Dalbergvegen 16, Tromsdalen ; 138 m² ; 5990000 kr; 43406 ; Totalpris: 6 140 920 kr;0 ; EiendomsMegler 1 Rødbanken
151175998 ; Nordbyen - din mulighet til et nytt og spennende kapittel i livet! ; Nordbyen, Tromsø ; 28 - 115 m² ; 2140000 - 8390000 kr; 76429 - 72957 ; Totalpris: 2 159 820 - 8 409 820 kr;0 ; EiendomsMegler 1 Rødbanken
163207684 ; Bjørnebekken - Enebolig med 2-roms utleieleilighet - nær barnehage og skole - topp utsikt - garasje ; Otervegen 67, Tromsø ; 206 m² ; 6900000 kr; 33495 ; Totalpris: 7 073 670 kr;0 ; EiendomsMegler 1 Rødbanken
169013521 ; 3-roms andelsleilighet midt i sentrum - attraktiv beliggenhet med vestvendt markterrasse ; Grønnegata 8 H, Tromsø ; 82 m² ; Solgt; None ; Totalpris: 3 590 773 kr ; 6 057 kr ; Eie Eiendomsmegling Tromsø
148114561 ; Fram Vervet - 1. salgstrinn, Tromsøs nye bydel - 70 solgte enheter ; Skansegata 13, Tromsø ; 34 - 138 m² ; 2970000 - 16900000 kr; 87353 - 122464 ; Totalpris: 3 020 000 - 16 950 000 kr;0 ; TotalEiendom
171014177 ; SJØKANTEN PARK BYGG B |SALGET ER I GANG - Nye smartleiligheter med sentral beliggenhet i svært populært boområde ; Sjøkanten Park bygg B, Tromsø ; 38 - 112 m² ; 2390000 - 8490000 kr; 62895 - 75804 ; Eier (Selveier) ; Leilighet ; Consept Bolig
121556907 ; MIDTRE KALDSLETT/LILLETUNET 2 NORD OG SØR - 4-roms leiligheter med store terrasser, garasjeplass og sportsbod. Ta kontakt for privat visning! ; Midtre Kaldslett, Tromsdalen ; 113 m² ; 6140000 - 6450000 kr; 54336 ; Totalpris: 6 182 313 - 6 503 070 kr;0 ; DNB Eiendom AS
161469711 ; PRESTVANNET - Stilfull 4(5)-roms rekkehus ved Prestvannet - Gangavstand til sentrum - Garasjeplass! ; Sparre Schneiders veg 1 C, Tromsø ; 122 m² ; 3190000 kr; 26148 ; Totalpris: 6 672 841 kr ; 12 247 kr ; Sne Eiendomsmegling AS
173371210 ; Strandkanten - Kysten / Strandkanten - Praktisk og sentral 3-roms leilighet - Parkering - Gangavstand til det meste ; Strandvegen 83A, Tromsø ; 64 m² ; 3100000 kr; 48438 ; Totalpris: 3 190 170 kr ; 240 kr ; Hjem Eiendomsmegling
173413670 ; BJERKAKER SJØPARK - Ny hjørneleilighet ytterst på sjøkanten med hybel/kontor! Nydelig utsikt til evig tid! ; Strandvegen 114 A, Tromsø ; 86 m² ; 6740000 kr; 78372 ; Totalpris: 6 916 942 kr ; 3 409 kr ; Sne Eiendomsmegling AS
173413651 ; FAGERENG - Lys og romslig 3-roms selveier i populært boligområde! Sørvestvendt balkong, enkel adkomst og garasje! ; Wanny Woldstads Veg 97, Tromsø ; 65 m² ; 3690000 kr; 56769 ; Totalpris: 3 783 592 kr ; 2 237 kr ; Sne Eiendomsmegling AS
173413201 ; Sentrum Nord - Sentral 2-romsleilighet med balkong og i umiddelbar nærhet til mange av sentrums fasiliteter. ; Storgata 119, Tromsø ; 38 m² ; 1150000 kr; 30263 ; Totalpris: 2 251 831 kr ; 9 814 kr ; Eie Eiendomsmegling Tromsø
173400963 ; Workinnmarka/Norrøna Boligpark -  Fantastisk flott bolig over 2 etasjer. Har en planløsning du sjelden finner med sine s ; Marmælen G24, Tromsø ; 145 m² ; 7990000 kr; 55103 ; Totalpris: 8 020 929 kr ; 4 294 kr ; DNB Eiendom AS
173400543 ; Norrøna Boligpark/IDUNN - Unik fireromsleilighet med utleiedel evt. eget rom til ungdommen som skal bo hjemme en stund t ; Marmælen H31, Tromsø ; 118 m² ; 8990000 kr; 76186 ; Totalpris: 9 017 275 kr ; 3 227 kr ; DNB Eiendom AS
173323793 ; Innholdsrik og flott 4-roms leilighet i meget attraktivt område. Svært gode lys- og utsiktsforhold. Parkering. ; Hagavegen 44, Tromsø ; 102 m² ; 4500000 kr; 44118 ; Totalpris: 4 613 550 kr ; 2 106 kr ; EiendomsMegler 1 Rødbanken
173400347 ; Norrøna Boligpark - Unik fireroms endeleilighet med to balkonger og flott utsikt. Romslig stue på hele 52 kvm! ; Marmælen G41, Tromsø ; 103 m² ; 7590000 kr; 73689 ; Totalpris: 7 616 819 kr ; 3 094 kr ; DNB Eiendom AS
173400223 ; Fantastisk med snø, men måking om morgenen slipper du med ny leilighet i Norrøna boligpark. Ny 3-roms selveierleilighet ; Marmælen H32, Tromsø ; 73 m² ; 5950000 kr; 81507 ; Totalpris: 5 973 073 kr ; 2 000 kr ; DNB Eiendom AS
154031207 ; Hamna / Solneset - Sjelden mulighet! Innbydende bolig med 3 soverom, garasje og en nydelig utsikt beliggende i vannkanten! ; Hamneneset 84B, Tromsø ; 103 m² ; 6290000 kr; 61068 ; Totalpris: 6 448 504 kr;0 ; Hjem Eiendomsmegling
173374980 ; Hamna - Stilren og moderne 3-roms fra 2018 - Parkering - Lekker standard ; Hamneneset 22, Tromsø ; 57 m² ; 3600000 kr; 63158 ; Totalpris: 3 691 170 kr ; 1 914 kr ; EiendomsMegler 1 Tromsø Strandgata
173349894 ; Sentrum av byen - Stor og betydelig oppgradert 4-roms selveier med garasjeplass i sentrumsbygg med heis! ; Parkgata 21, Tromsø ; 106 m² ; 5950000 kr; 56132 ; Totalpris: 6 099 920 kr ; 5 892 kr ; Hjem Eiendomsmegling
161177742 ; Norrøna Boligpark i Workinnmarka - Her får du høy standard på leilighetene og store bilfrie uteareale. Leilighetene ligger i et av byens mest attraktive boligområder. Forventet ferdigstillelse 2. kvartal 2021. Ta kontakt for visning! ; Marmælen, Tromsø ; 39 - 145 m² ; 2990000 - 8990000 kr; 76667 - 62000 ; Totalpris: 3 009 876 - 9 017 275 kr;0 ; DNB Eiendom AS
138878836 ; VELKOMMEN PÅ VISNING! 18 moderne selveierleiligheter med gjennomgående høy standard! ; Evjenveien 92, Tomasjord ; 63 - 96 m² ; 3990000 - 7150000 kr; 63333 - 74479 ; Totalpris: 4 090 972 - 7 329 972 kr;0 ; Sne Eiendomsmegling AS
173347625 ; Storelva - Meget flott 3-roms med garasje, vedfyring, balkong og rikelige med bodplass! ; Mølneringen 2 B, Kvaløya ; 61 m² ; 2050000 kr; 33607 ; Totalpris: 2 832 641 kr ; 9 024 kr ; GARANTI Eiendomsmegling Tromsø
173339919 ; Stakkevollan - Meget flott 3-R m/stilfullt kjøkken og garasje  i attraktivt området med nærhet til det meste! Gangavstand til UNN/UiT! ; Utsikten 197, Tromsø ; 88 m² ; 2760000 kr; 31364 ; Totalpris: 2 947 749 kr ; 6 214 kr ; GARANTI Eiendomsmegling Tromsø
173328933 ; TA KONTAKT FOR VISNING !! Arealeffektiv  2-roms i beliggende med gangavstand til UNN/UIT! ; Stakkevollvegen 114K, Tromsø ; 45 m² ; 1850000 kr; 41111 ; Totalpris: 2 244 018 kr ; 6 316 kr ; GARANTI Eiendomsmegling Tromsø
173296327 ; Nå skjer det!  14 moderne eneboliger med nydelig beliggenhet legges snart ut for salg. Meld din interesse. ; Krokelvdalen ; not found ; not found; None ; Eier (Selveier) ; Enebolig ; DNB Eiendom AS
173306917 ; Ta kontakt med megler for å avtale visningstidspunkt! Lekker leilighet i tomannsbolig fra 2019 ; Storbakkvegen 65, Tromsdalen ; 58 m² ; 3700000 kr; 63793 ; Totalpris: 3 793 550 kr;0 ; EiendomsMegler 1 Tromsø Strandgata
173304593 ; Ny 3-roms leilighet med gode solforhold. Siste salgstrinn bygg D. Bjerkaker Sjøpark. Byggingen er startet! ; Bjerkaker sjøpark Bygg D salgstrinn 6, D208, Tromsø ; 58 m² ; 1476000 kr; 25448 ; Totalpris: 3 716 627 kr ; 7 782 kr ; DNB Eiendom AS
173301869 ; Ny innholdsrik 3-roms leilighet med god planløsning på Bjerkaker Sjøpark. Byggingen er startet og innflyttning er  somme ; Bjerkaker sjøpark Bygg D salgstrinn 6, D212, Tromsø ; 53 m² ; 1436000 kr; 27094 ; Totalpris: 3 616 627 kr ; 7 443 kr ; DNB Eiendom AS
173298703 ; Tomasjord - Pen og velholdt enebolig med godkjent utleiedel i populært område. Svært gode solforhold, barnevennlig og flott utsikt ; Stjernevegen 19, Tomasjord ; 214 m² ; 7500000 kr; 35047 ; Totalpris: 7 688 842 kr;0 ; DNB Eiendom AS
173295774 ; Storskogen - Lys og pen 2-roms leilighet med sentral beliggenhet. Utsikt mot hav og fjell. Egen garasje. Innholdsrikt nærområde. ; Garver Eidissens veg 7, Tromsø ; 49 m² ; 2900000 kr; 59184 ; Totalpris: 2 973 842 kr;0 ; DNB Eiendom AS
132534196 ; Kongsparken I Midt i hjertet av Tromsø sentrum I 34 tidløse kvalitetsboliger i 9 etasjer ; Kongsparken, Tromsø ; 66 - 127 m² ; 5100000 - 12800000 kr; 77273 - 100787 ; Eier (Selveier) ; Leilighet ; Hjem Eiendomsmegling
148268689 ; SOLNESET/HAMNA SØR -  Etablert bydel søker nye beboere - Nye selveierleil.  med garasjeplass(-er) inkludert i prisen. ; BLÅTIMEN - Hamneneset, Tromsø ; 54 - 120 m² ; 3640000 - 8990000 kr; 67407 - 74917 ; Totalpris: 3 653 026 - 9 011 342 kr;0 ; DNB Eiendom AS
163188498 ; Sør-Tromsøya - Pen enebolig over 2 plan - NY PRIS - Sentral beliggenhet på toppen av øya - Garasje ; Hagavegen 28, Tromsø ; 142 m² ; 6165000 kr; 43415 ; Totalpris: 6 331 999 kr;0 ; Hjem Eiendomsmegling
173247052 ; Sjøstranda - Ta kontakt med megler på tlf 95808257 for å avtale visningstidspunkt - Flott leilighet for førstegangskjøperen ; Sjøstranda 1, Tromsø ; 37 m² ; 1550000 kr; 41892 ; Totalpris: 2 340 414 kr ; 5 762 kr ; EiendomsMegler 1 Tromsø Strandgata
173237139 ; Sentrum - Rivingsobjekt. Godkjente byggtegninger for nybygg med 3 stk leil på ca. 80 - 90kvm (3- og 4-roms). Fantastisk utsikt! ; Dramsvegen 46, Tromsø ; 178 m² ; 5000000 kr; 28090 ; Totalpris: 5 126 342 kr;0 ; DNB Eiendom AS
173112027 ; Valhall - Stor 2-roms andelsleilighet med oppussingsbehov på Kvamstykket. Sentral beliggenhet, parkering og flott utsikt. ; Anton Iversens veg 9, Tromsø ; 52 m² ; 2190000 kr; 42115 ; Totalpris: 2 479 285 kr ; 5 003 kr ; Hjem Eiendomsmegling
173157312 ; Duevegen - Flott 3(4)-roms leilighet i fjerde etasje, med en sentral beliggenhet på Tromsøya. Fine solforhold og parkering. ; Duevegen 1, Tromsø ; 81 m² ; 2990000 kr; 36914 ; Totalpris: 3 128 912 kr ; 6 483 kr ; DNB Eiendom AS
173109740 ; SENTRUM - NYHET! Unik toppleilighet midt i hjertet av Tromsø sentrum! Solfylt balkong, vinterhage, parkering og fantastisk utsikt! ; Nerstranda 57, Tromsø ; 121 m² ; 12000000 kr; 99174 ; Totalpris: 12 307 842 kr ; 2 413 kr ; Sne Eiendomsmegling AS
172862108 ; Tromsdalen - Tiltalende rekkehus med garasjeplass, god planløsning og vestvendt beliggenhet i barnevennlige omgivelser. ; Anton Jakobsens veg 30 c, Tromsdalen ; 134 m² ; 6500000 kr; 48507 ; Totalpris: 6 663 670 kr ; 3 984 kr ; EiendomsMegler 1 Rødbanken
172947646 ; Fagereng - Fin,  tilpasset 3- roms  hjørneleilighet i Vestre Hansmark BL, med mange brukermuligheter, flott utsikt og garasje.
Muli ; Edderdunvegen 39, Tromsø ; 76 m² ; 2650000 kr; 34868 ; Totalpris: 3 613 738 kr ; 10 782 kr ; DNB Eiendom AS
172917288 ; RØSTBAKKEN - Stor enebolig med svært sentral og attraktiv beliggenhet, samt flott utsikt mot fastlandet! ; Hagavegen 49, Tromsø ; 179 m² ; 5800000 kr; 32402 ; Totalpris: 5 956 642 kr;0 ; Sne Eiendomsmegling AS
172917284 ; KALDFJORD - Eldre enebolig med stor tomt i barnevennlige omgivelser. Meget gode sol og utsiktsforhold !! ; Innelvvegen 157, Kvaløya ; 122 m² ; 3070000 kr; 25164 ; Totalpris: 3 158 392 kr;0 ; Sne Eiendomsmegling AS
172914815 ; STUERTVEGEN 8 | 3. stk. Prosjekterte moderne boliger på attraktive Mortensnes | Ferdig Q1 2021 ; Stuertvegen 8, Tromsø ; 103 - 137 m² ; 5890000 - 7100000 kr; 57184 - 51825 ; Eier (Selveier) ; Leilighet ; Hjem Eiendomsmegling
172891269 ; Midtre Kaldslett - 5- roms BL leilighet over 2 plan med herlig utsikt, vedfyring og garasje.
Interessenter må melde seg til megler på mail ; Selmalund 56, Tromsdalen ; 115 m² ; 4200000 kr; 36522 ; Totalpris: 4 707 558 kr ; 8 410 kr ; DNB Eiendom AS
172887610 ; Nyhet! Sommerlyst - Lys og innbydende 5-roms eierseksjon. Garasje og balkong. Veletablert boligområde på toppen av øya. ; Perstien 1B, Tromsø ; 142 m² ; 4990000 kr; 35141 ; Totalpris: 5 123 770 kr ; 2 000 kr ; Eie Eiendomsmegling Tromsø
129691358 ; Velkommen til vakre Workinntoppen; Selveierleiligheter med vestvendt beliggenhet. ; Workinntoppen Panorama, Tromsø ; not found ; not found; None ; Eier (Selveier) ; Leilighet ; EiendomsMegler 1 Rødbanken
127295112 ; Storhaugen ligger sentralt plassert vest for Tromsø sentrum i et av Tromsøs aller flotteste og mest herskapelige boligområder. Byggingen har startet. Ta kontakt for privat visning! ; Storhaugen, Tromsø ; 95 - 117 m² ; 6590000 - 11900000 kr; 69368 - 101709 ; Eier (Selveier) ; Leilighet ; DNB Eiendom AS
174611988 ; Stilren og topp moderne leilighet midt i sentrum. Skjermet beliggenhet, god standard og nydelig utsikt. ; Strandskillet 5 E, Tromsø ; 46 m² ; 3150000 kr; 68478 ; EiendomsMegler 1 Rødbanken;0 ; Eier (Selveier) • Leilighet • 1 soverom
172768923 ; Myreng - Stor enebolig i svært populært boligområde v/Myreng på midten av Tromsøya. Fin utsikt og gangavstand til det meste. ; Conrad Holmboes veg 28C, Tromsø ; 174 m² ; 7490000 kr; 43046 ; Totalpris: 7 690 124 kr;0 ; Hjem Eiendomsmegling
165939617 ; TA KONTAKT FOR VISNING !  Arealeffektiv 2-roms beliggende i  attraktivt boligområde på vestsiden av Tromsøya. ; Wanny Woldstads veg 129, Tromsø ; 23 m² ; Solgt; None ; Totalpris: 1 667 128 kr ; 6 079 kr ; GARANTI Eiendomsmegling Tromsø
172820092 ; TROMSDALEN - Moderne leilighet med høy standard, smart planløsning og parkering! ; Bjerkengvegen 9 1.etg SØR, Tromsdalen ; 95 m² ; 5290000 kr; 55684 ; Eier (Selveier) ; Leilighet  ; Sne Eiendomsmegling AS
172585022 ; Workinntoppen - Flott 3-roms hjørneleilighet i toppetasje | 2 terrasser, flott utsikt og garasje | heis til alle plan ; Workinntoppen 20, Tromsø ; 72 m² ; 4880000 kr; 67778 ; Totalpris: 5 010 570 kr ; 3 140 kr ; Hjem Eiendomsmegling
172770337 ; Kaldslett - Tromsdalen - Sjelden perle av en skjønnhet kan nå bli din! Nydelig 3 roms med utsikt og parkering ; Storbakkvegen 41, Tromsdalen ; 78 m² ; 2400000 kr; 30769 ; Totalpris: 4 536 224 kr ; 11 015 kr ; EiendomsMegler 1 Tromsø Strandgata
172749155 ; Flott og innflyttingsklar familiebolig med garasje, stor veranda, markterrasse, 4 soverom, stor stue, vedfyring og utsik ; Kløvervegen 2E, Tromsø ; 144 m² ; 5990000 kr; 41597 ; Totalpris: 6 141 004 kr;0 ; Hjem Eiendomsmegling
169851768 ; Tromsø sentrum / Stortorget - Fantastisk og nybygget selveier på 133m2 beliggende midt i Tromsø sentrum! Høy standard, heis og stor veranda! ; Storgata 92, Tromsø ; 133 m² ; 10900000 kr; 81955 ; Totalpris: 11 178 670 kr ; 2 992 kr ; Hjem Eiendomsmegling
172745039 ; Villa Blåtimen - Solneset - 12 moderne og tidsriktige boliger med store vindusflater og panoramautsikt i trygge omgivelser ; Hamneneset, Tromsø ; 110 - 168 m² ; 5590000 - 7690000 kr; 50818 - 45774 ; Totalpris: 5 621 374 - 7 733 874 kr;0 ; Hjem Eiendomsmegling
147668521 ; Velkommen til vakre Workinntoppen; selveierleiligheter m/sørvest vendt beliggenhet. ; Workinntoppen Bygg B4, Tromsø ; not found ; not found; None ; Eier (Selveier) ; Leilighet ; EiendomsMegler 1 Rødbanken
163042033 ; Solnestoppen - Nye eneboliger med fantastisk utsikt, god standard og praktiske løsninger. Terrasse og carport. ; Berglivegen B16, Tromsø ; 134 m² ; 6990000 - 7200000 kr; 52164 ; Totalpris: 7 039 424 - 7 249 424 kr;0 ; Hjem Eiendomsmegling
172331528 ; Visning 15/4. Romslig 3-roms leilighet i meget attraktivt boligområde like ved Charlottenlund. Parkering. ; Ringkøbingvegen 13, Tromsø ; 76 m² ; 3350000 kr; 44079 ; Totalpris: 3 449 759 kr ; 3 500 kr ; EiendomsMegler 1 Rødbanken
172057672 ; Kaldfjord | Ideell halvdel av enebolig med flott utsikt og utleieleilighet ; Innelvvegen 69, Kvaløya ; 329 m² ; 4335000 kr; 13176 ; Totalpris: 4 444 545 kr;0 ; Advokatfirmaet Simonsen Vogt Wiig AS
172579570 ; Bjerkakerstranda -  stor frontleilighet med 2 hybler og garasje, leieinntekter på kr 11.800,- pr. mnd ; Balsfjordvinden 36, Tromsø ; 124 m² ; 6490000 kr; 52339 ; Totalpris: 6 729 543 kr ; 5 191 kr ; Eie Eiendomsmegling Tromsø
131714877 ; SKIR - 6 eksklusive bryggehus med unik beliggenhet på bryggekanten. Fantastisk utsikt mot Sundet. ; SKIR - BRYGGEHUS, Tromsø ; 108 m² ; 8950000 kr; 82870 ; Eier (Selveier) ; Leilighet ; EiendomsMegler 1 Rødbanken
131715907 ; SKIR - 27 spennende leiligheter med fantastisk utsikt i Strankantens siste boligprosjekt. ; SKIR - BYGG B, Tromsø ; 68 - 77 m² ; 5290000 - 6250000 kr; 77794 - 81169 ; Totalpris: 5 303 250 - 6 263 250 kr;0 ; EiendomsMegler 1 Rødbanken
142552499 ; Sjøfronten er selve kronverket på Bjerkaker sjøpark og ligger litt for seg selv nært havet. Flere av leilighetene har panoramautsikt 180 grader langs sundet. Ta kontakt for privat visning! ; Sjøfronten Strandvegen 114, Tromsø ; 80 - 103 m² ; 2660000 - 3060000 kr; 33250 - 29709 ; Totalpris: 6 676 627 - 7 676 627 kr;0 ; DNB Eiendom AS
172326161 ; Kroken - Stor 4 (5) - roms brl.leilighet med fin utsikt i øverste etasje i lavblokk. Vestvendt innglasset veranda og garasjeplass ; Malmvegen 116, Krokelvdalen ; 105 m² ; 3090000 kr; 29429 ; Totalpris: 3 452 981 kr ; 7 314 kr ; Hjem Eiendomsmegling
149905829 ; Mortensnes - Fantastisk beliggende enebolig med herlig arkitektur, spennende planløsning og gode solforhold! ; Gnistvegen 17, Tromsø ; 189 m² ; Solgt; None ; Totalpris: 9 636 170 kr;0 ; Hjem Eiendomsmegling
172345675 ; BJERKAKER - Lys og arealeffektiv 3-roms leilighet sentralt beliggende på Bjerkaker! ; Strandvegen 104 B, Tromsø ; 78 m² ; 3250000 kr; 41667 ; Totalpris: 3 892 548 kr ; 7 350 kr ; Sne Eiendomsmegling AS
172345664 ; RAMFJORDBOTN - Prisgunstig 4-roms selveier med flott utsikt over Ramfjord! Kun ca 20 min fra Tromsø sentrum! ; Slettengvegen 9B, Ramfjordbotn ; 89 m² ; 2540000 kr; 28539 ; Totalpris: 2 611 942 kr ; 400 kr ; Sne Eiendomsmegling AS
149530394 ; TROMSDALEN - Romslig enbolig på stor tomt i Tromsdalen - Gode solforhold og flott utsikt! ; Gammelgårdvegen 33, Tromsdalen ; 265 m² ; 7700000 kr; 29057 ; Totalpris: 7 904 142 kr;0 ; Sne Eiendomsmegling AS
172317025 ; Hamna - Ta kontakt for avtale om visning. Lys og fin 3-roms leilighet. Fantastisk utsikt. Garasjeplass. ; Jervvegen 78, Tromsø ; 48 m² ; 1200000 kr; 25000 ; Totalpris: 2 806 963 kr ; 10 894 kr ; EiendomsMegler 1 Borettslag Tromsø
171514951 ; TOMASJORD - TA KONTAKT FOR VISNING. Innflytningsklar 2-roms med spennende planløsning på solrike og attraktive Tomasjord. ; Evjenvegen 152F, Tomasjord ; 46 m² ; 1225000 kr; 26630 ; Totalpris: 2 388 285 kr ; 6 581 kr ; GARANTI Eiendomsmegling Tromsø
172237524 ; Hundbergvegen 40 - Innholdsrik bolig, 6 sov., 2 bad,  3 stuer m.m. Hele boligen er betydelig renovert mellom 2015 -2020. ; Hundbergvegen 40, Tromsdalen ; 174 m² ; 4990000 kr; 28678 ; Totalpris: 5 128 770 kr;0 ; Eie Eiendomsmegling Tromsø
172223534 ; Bjerkaker - Eldre enebolig med renoveringsbehov og stor tomt. ; Strandvegen 145, Tromsø ; 126 m² ; 4750000 kr; 37698 ; Totalpris: 4 870 092 kr;0 ; DNB Eiendom AS
170341745 ; Kaldslett - Visning 6/4 ved påmelding til megler - 3-roms selveierleilighet med garasje og storslagen utsikt på Kaldslett ; Storbakkvegen 33, Tromsdalen ; 61 m² ; 3520000 kr; 57705 ; Totalpris: 3 609 170 kr;0 ; EiendomsMegler 1 Strandtorget
170758198 ; Workinnmarka - Flott 3-roms selveierleilighet med garasje og balkong - Gode solforhold - Attraktiv beliggenhet. ; Langnesvegen 28, Tromsø ; 64 m² ; 3490000 kr; 54531 ; Totalpris: 3 577 250 kr ; 2 169 kr ; EiendomsMegler 1 Rødbanken
172151374 ; TA KONTAKT FOR VISNING ! Lys og praktisk 3(4)-roms leilighet med balkong og vedfyring -1.etasje. ; Stærvegen 63, Tromsø ; 81 m² ; 2750000 kr; 33951 ; Totalpris: 3 537 498 kr ; 7 793 kr ; GARANTI Eiendomsmegling Tromsø
172145747 ; 1-roms selveierleilighet med flott utsikt. Innflyttingsklar 4 kvartal 2021. ; SKIR - C0803, Tromsø ; 31 m² ; 2650000 kr; 85484 ; Totalpris: 2 663 250 kr;0 ; EiendomsMegler 1 Rødbanken
172144155 ; REINEN - 3-roms leilighet med høy standard og utsikt i populære Solsia Park - ferdigstilles tredje kvartal 2020! ; SOLSIA PARK, Tromsdalen ; 62 m² ; 3840000 kr; 61935 ; Fellesutg.: 1 531 kr;0 ; DNB Eiendom AS
172130637 ; Fagereng - Fagereng - tiltalende 3-roms leilighet i solrikt område på sørøyas vestside. Garasje. ; Hansbrevegen 28, Tromsø ; 64 m² ; 2250000 kr; 35156 ; Totalpris: 3 430 409 kr ; 11 300 kr ; EiendomsMegler 1 Rødbanken
172127562 ; Pen 3-roms med god standard og livsløpsstandard sør i Tromsø sentrum. Stue med utgang til markterrasse. Trappefri adk ; Ramfjordgata 15, Tromsø ; 71 m² ; 1970000 kr; 27746 ; Totalpris: 3 627 063 kr ; 11 365 kr ; Eie Eiendomsmegling Tromsø
171703134 ; Oldervik - Kontakt megler for visning! Romslig enebolig med stor garasje og fantastisk utsikt i naturskjønne omgivelser ; Skotsætvegen 22, Oldervik ; 150 m² ; 4400000 kr; 29333 ; Totalpris: 4 522 670 kr;0 ; Hjem Eiendomsmegling
154235984 ; Gammelgård - NY PRIS ! Enebolig med utleiedel. Nyoppusset. Utsikt. Gode solforhold. Stor tomt. Garasje. ; Gammelgårdvegen 11, Tromsdalen ; 203 m² ; 7290000 kr; 35911 ; Totalpris: 7 473 300 kr;0 ; EiendomsMegler 1 Rødbanken
171988066 ; Forhåpningen/Prestvannet - 4-roms enderekkehus med panoramautsikt og store terrasser sentralt på Tromsøya. Gangavstand til sentrum og ulike skoler. ; Sparre Schneiders veg 1B, Tromsø ; 134 m² ; 4150000 kr; 30970 ; Totalpris: 7 632 469 kr ; 12 897 kr ; Hjem Eiendomsmegling
159967294 ; Ta kontakt for visning. Enebolig med dobbelgarasje og utleie. Solrik, landlig og barnevennlig beliggenhet på Håkøya! ; Håkøyvegen 334, Kvaløya ; 192 m² ; 5590000 kr; 29115 ; Totalpris: 5 742 040 kr;0 ; GARANTI Eiendomsmegling Tromsø
171981249 ; Norrøna, Tromsøya vest - BUD MOTTATT - Lekker enebolig med nydelig utsikt, høy standard, god planløsning, hybelleilighet og garasje! ; Simen Workinns veg 13, Tromsø ; 157 m² ; 8950000 kr; 57006 ; Totalpris: 9 174 920 kr;0 ; Hjem Eiendomsmegling
154971745 ; Kvaløysletta - Romslig enebolig m/utleie. Meget god utsikt og solforhold hele dagen. Stor og integrert garasje. ; Skjellvegen 1, Kvaløysletta ; 223 m² ; Solgt; None ; Totalpris: 6 140 800 kr;0 ; EiendomsMegler 1 Rødbanken
171945599 ; Ta kontakt for å avtale privat visning - Enebolig m/garasje på stor tomt, uinnredet kjeller og stort utviklingspotensial ; Stakkevollvegen 122, Tromsø ; 133 m² ; 5100000 kr; 38346 ; Totalpris: 5 228 670 kr;0 ; EiendomsMegler 1 Strandtorget
148927736 ; NORRØNA - Bolig med stor og flott tomt i rolig, barnevennlig og populært boområde. Garasje og gode solforhold! ; Fiolvegen 9 A, Tromsø ; 94 m² ; 4740000 kr; 50426 ; Totalpris: 4 859 842 kr;0 ; Sne Eiendomsmegling AS
171807900 ; SOLLIGÅRDEN - Familievennlig 5-roms enderekkehus med spektakulær utsikt, god standard og carport - Sikringsfond og IN-ordning! ; Gullsmedjordet 22, Tromsdalen ; 94 m² ; 1530000 kr; 16277 ; Fellesutg.: 14 079 kr;0 ; GARANTI Eiendomsmegling Tromsø
171732716 ; MORTENSNES - Flott nyoppført bolig med spennende planløsning og gode bokvaliteter !! ; Winston Churchillsveg 27 A, Tromsø ; 122 m² ; 6400000 kr; 52459 ; Totalpris: 6 561 342 kr;0 ; Sne Eiendomsmegling AS
171732712 ; TROMSDALEN - Ta kontakt for å avtale privat visning - Stor hjørneleilighet med stor terrasse med flott utsikt. Garasje med heis !! ; Slipelvvegen 18, Tromsø ; 79 m² ; 3890000 kr; 49241 ; Totalpris: 4 444 000 kr ; 7 332 kr ; Sne Eiendomsmegling AS
171732701 ; SENTRUM NORD - Sentralt beliggende 2-roms leilighet i en spennende bydel i utvikling- Umiddelbar nærhet alt! ; Seminarbakken 23, Tromsø ; 34 m² ; 2390000 kr; 70294 ; Totalpris: 2 460 576 kr ; 2 068 kr ; Sne Eiendomsmegling AS
171715639 ; Stakkevollan - Innbydende, populær og romslig 3-roms hjørneleilighet  med moderne bad,  egen balkong og mye bodplass! ; Knausen 155, Tromsø ; 81 m² ; 2700000 kr; 33333 ; Totalpris: 3 122 118 kr ; 6 230 kr ; GARANTI Eiendomsmegling Tromsø
171709768 ; Workinntoppen - Innbydende 3-roms selveier med god standard, sørvendt veranda og parkering i garasje! ; Workinntoppen 16, Tromsø ; 67 m² ; 4400000 kr; 65672 ; Totalpris: 4 518 570 kr ; 3 564 kr ; Hjem Eiendomsmegling
161331878 ; OLSGÅRD - Attraktiv enebolig med utleiemulighet, garasje, bussforbindelse og lysløypeturområder! ; Olsgårdvegen 16, Tromsø ; 170 m² ; 7990000 kr; 47000 ; Totalpris: 8 191 092 kr;0 ; Sne Eiendomsmegling AS
171676598 ; Kontakt megler for å melde seg på.  Innholdsrik og flott enebolig i landlige omgivelser. ; Sørbotnvegen 75, Ramfjordbotn ; 200 m² ; 3800000 kr; 19000 ; Totalpris: 3 896 170 kr;0 ; EiendomsMegler 1 Rødbanken
171694398 ; Bud mottatt | Strandkanten | Velholdt 3-roms leilighet i 5. etg med egen veranda ; Hjalmar Johansens gate 304, Tromsø ; 67 m² ; 450000 kr; 6716 ; Totalpris: 3 232 965 kr ; 17 428 kr ; Advokatfirmaet Simonsen Vogt Wiig AS
171707130 ; Strandkanten - Sentrumsnær og snerten 2-roms andelsleilighet med balkong på Sjøstranda. Egen parkeringsplass i garasjeanlegg. Heis. ; Sjøstranda 1E, Tromsø ; 37 m² ; Solgt; None ; Totalpris: 2 485 856 kr ; 5 912 kr ; DNB Eiendom AS
174419133 ; Sentrum - Bud Mottatt. Husk å avtale visningstid! Spennende og arealeffektiv 2-roms leilighet med hems beliggende i sentrum. ; Storgata 91, Tromsø ; 47 m² ; 3100000 kr; 65957 ; DNB Eiendom AS;0 ; Eier (Selveier) • Leilighet • 1 soverom
171699656 ; Tromsdalen - Stor bolig med renoveringsbehov. Romslig tomt sentralt plassert i Tromsdalen med potensiale. Solrikt og rolig område. ; Fløyvegen 4, Tromsdalen ; 224 m² ; 4800000 kr; 21429 ; Totalpris: 4 921 342 kr;0 ; DNB Eiendom AS
147428290 ; Kaldfjorden - Stor enebolig med utleiedel (kr.12000/mnd) og dobbelgarasje i naturskjønne omgivelser ; Fjordvegen 512, Kvaløya ; 285 m² ; 7600000 kr; 26667 ; Totalpris: 7 802 354 kr;0 ; Hjem Eiendomsmegling
171322029 ; Rambergan - Sentralt beliggende vertikaldelt bolig med 3 soverom, koselig kjellerstue, nyere kjøkken, varmepumpe og parkering. ; Johnsgårds gate 2B, Tromsø ; 129 m² ; 4600000 kr; 35659 ; Totalpris: 4 716 342 kr;0 ; DNB Eiendom AS
169145068 ; Sentrum sør - Delikat 3-roms selveierleilighet fra 2018. Sørvendt terrasse og garasjeplass. ; Mellomvegen 39, Tromsø ; 57 m² ; 3980000 kr; 69825 ; Totalpris: 4 080 842 kr ; 1 753 kr ; DNB Eiendom AS
171551028 ; BJERKAKER SJØPARK - Unik toppetasje på 150 kvm Bra. Har innglasset terrasse og 2 balkonger.  Det medfølger garasjeplass og sportsbod.   Panoramautsikt over sundet og Malangsfjellene m.m. Ta kontakt for privat visning! ; Strandvegen 112A, H0609, Tromsø ; 118 m² ; 4100000 kr; 34746 ; Totalpris: 10 276 627 kr ; 16 022 kr ; DNB Eiendom AS
171542653 ; Workinnmarka - Attraktiv 4-roms leilighet med fantastisk utsikts og solforhold. God standard, parkering, 3 balkonger og heis i bygget ; Draugen 99, Tromsø ; 120 m² ; 6780000 kr; 56500 ; Totalpris: 6 781 132 kr ; 4 541 kr ; DNB Eiendom AS
154255502 ; Alfheim - Pen og oppgradert 2-roms med parkering. Kort vei til sentrum, lysløypa, butikk m.m ; Alfheimvegen 5C, Tromsø ; 37 m² ; 2230000 kr; 60270 ; Totalpris: 2 287 092 kr ; 1 500 kr ; DNB Eiendom AS
171374716 ; Midtre kaldslett /Solstrand Panorama - Ny moderne 4 roms leilighet i 2. etasje med god utsikt og høy standard. Ta kontakt for privat visning. ; Slipelvvegen 35, Tromsdalen ; 117 m² ; 7490000 kr; 64017 ; Totalpris: 7 520 500 kr ; 2 993 kr ; DNB Eiendom AS
171271991 ; TA KONTAKT FOR VISNING ! Meget flott 4-roms med balkong, parkering i garasje og flott utsikt - veldrevet borettslag ! ; Utsikten 139, Tromsø ; 91 m² ; 3150000 kr; 34615 ; Totalpris: 3 357 291 kr ; 6 826 kr ; GARANTI Eiendomsmegling Tromsø
171202407 ; Tomasjordnes - Ta kontakt for å avtale visning! 3-roms selveierleilighet med fin beliggenhet. Garasjeplass. ; Tomasjordnes 57, Tomasjord ; 67 m² ; 3300000 kr; 49254 ; Totalpris: 3 383 550 kr ; 4 343 kr ; EiendomsMegler 1 Strandtorget
171126398 ; SØR TROMSØYA - Innholdsrik 3-roms selveierleilighet m/biloppstillingsplass og gangavstand til sentrum! ; Bjerkealleen 18, Tromsø ; 63 m² ; 3190000 kr; 50635 ; Totalpris: 3 271 092 kr ; 500 kr ; Sne Eiendomsmegling AS
171126404 ; BJERKAKER - Eksklusiv 3-roms selveier med høy standard, sørvendt balkong, garasje og heis i bygget! ; Balsfjordvinden 3 snr. 7, Tromsø ; 71 m² ; 4500000 kr; 63380 ; Totalpris: 4 620 942 kr ; 2 827 kr ; Sne Eiendomsmegling AS
171126383 ; REINEN - Moderne 3-roms mot vest i attraktive Solsia Park med gode solforhold fin utsikt - Ferdigstilles 3. kvartal 2020! ; Solsia Park H0104, Tromsdalen ; 58 m² ; 3740000 kr; 64483 ; Fellesutg.: 2 840 kr;0 ; Sne Eiendomsmegling AS
171098395 ; KUN 1 IGJEN! Solligården - Innflytningsklar 4-roms leilighet over to plan - 2 bad - veranda og garasje ; Kaldslettneset 47, Tromsdalen ; 116 m² ; 5150000 kr; 44397 ; Eier (Selveier) ; Tomannsbolig  ; PEAB Eiendomsutvikling Nord AS
170842420 ; Alfheim - Vertikaldelt bolig med carport, hybel og kort vei til det meste! ; Alfheimvegen 20 B, Tromsø ; 179 m² ; Solgt; None ; Totalpris: 7 586 170 kr;0 ; EiendomsMegler 1 Rødbanken
161360286 ; Thyholdt - Stor og sentralt beliggende 2-roms eierseksjon | Parkering | Lys standard | Badstu | Midt mellom UNN/UiT og sentrum ; Aldor Ingebrigtsens veg 30A, Tromsø ; 57 m² ; 2490000 kr; 43684 ; Totalpris: 2 497 124 kr ; 544 kr ; Hjem Eiendomsmegling
170193910 ; Gammelgård - Hel tomannsbolig / enebolig med god planløsning, meget gode sol og utsiktforhold, 3-roms sokkelleilighet og dobbel carpo ; Storbakkvegen 30, Tromsdalen ; 188 m² ; 8200000 kr; 43617 ; Totalpris: 8 406 342 kr;0 ; DNB Eiendom AS
166388531 ; Krokelvdalen - Innholdsrik og flott 2-roms med bla.a nyere kjøkken, vinterhage og parkering. Ta kontakt for privat visning! ; Granittvegen 72, Krokelvdalen ; 55 m² ; 2150000 kr; 39091 ; Totalpris: 2 735 385 kr ; 5 798 kr ; GARANTI Eiendomsmegling Tromsø
145896462 ; Strandkanten - Moderne 3-roms toppleilighet med stor terrasse, heis og mulighet for parkering! ; Hjalmar Johansens gate 296, Tromsø ; 87 m² ; 2300000 kr; 26437 ; Totalpris: 4 017 323 kr ; 14 899 kr ; DNB Eiendom AS
158888332 ; GIMLE - Koselig 3-roms selveierleilighet med garasje og stor markterasse - Gangavstand til UNN/UiT! ; Frøyas Veg 21, Tromsø ; 60 m² ; 3150000 kr; 52500 ; Totalpris: 3 230 092 kr ; 800 kr ; Sne Eiendomsmegling AS
156847760 ; Lekker og moderne 3-roms toppleilighet fra 2018 - Upåklagelig utsikt - Garasje ; Nordbotnvegen 117, Ramfjordbotn ; 67 m² ; 2900000 kr; 43284 ; Totalpris: 2 973 670 kr;0 ; EiendomsMegler 1 Tromsø Strandgata
170756614 ; Tromsøya - Innholdsrik bolig med tilbaketrukken beliggenhet. ; Zagrebvegen 6 B, Tromsø ; 149 m² ; 5500000 kr; 36913 ; Totalpris: 5 638 550 kr;0 ; EiendomsMegler 1 Rødbanken
170707780 ; Kvaløyvågen - Pen enebolig oppført 2014 - Vannbåren oppvarming - Rolig område i naturskjønne omgivelser! - Visning etter avtale! ; Kvaløyvågvegen 1106, Kvaløya ; 118 m² ; 3790000 kr; 32119 ; Totalpris: 3 897 624 kr;0 ; Hjem Eiendomsmegling
170406507 ; Stakkevollan - Digital visning tilgjengelig - Lys og attraktiv 3-roms andelsleilighet med utendørs parkeringsplass. ; Varden 81, Tromsø ; 83 m² ; 2790000 kr; 33614 ; Totalpris: 3 130 300 kr ; 5 254 kr ; DNB Eiendom AS
170567160 ; STRAND / NY PRIS! - Meget flott og moderne rekkehus over 3 plan med nydelig utsikt, gode solforhold og carport! ; Strandsneglvegen 13, Kvaløya ; 121 m² ; 4890000 kr; 40413 ; Totalpris: 5 027 420 kr;0 ; GARANTI Eiendomsmegling Tromsø
162076399 ; PRESTVANNET/FORHÅPNINGEN - BUD MOTTATT! Hel tomannsbolig med moderniseringsbehov - Sentral beliggenhet på toppen av øya! ; Forhåpningen 11, Tromsø ; 145 m² ; 4800000 kr; 33103 ; Totalpris: 4 931 642 kr;0 ; Sne Eiendomsmegling AS
170506896 ; BO I NORD - Eksklusiv og arkitekttegnet enebolig med dobbelgarasje, stor terrasse og 2 godkjente utleieenheter på Tromsøs vestside! ; Klimavegen 59, Tromsø ; 271 m² ; 15000000 kr; 55351 ; Totalpris: 15 386 522 kr;0 ; Sne Eiendomsmegling AS
170506881 ; ØVRE SENTRUM - Delikat og moderne bolig med sentral beliggenhet og innendørs garasje med tilkomst til bolig! ; O L Aunesgate 22, Tromsø ; 76 m² ; 6375000 kr; 83882 ; Fellesutg.: 1 034 kr;0 ; Sne Eiendomsmegling AS
170488626 ; Strandkanten*Nyere, romslig 3-roms leilighet i veldrevet, nytt borettslag*gangavstand til sentrum*hvitevarer inkl*oppvar ; Strandvegen 94 H0301, Tromsø ; 72 m² ; 2150000 kr; 29861 ; Fellesutg.: 11 201 kr;0 ; PEAB Eiendomsutvikling Nord AS
170473678 ; 4-roms selveierleilighet med garasjeplass. Innflyttingsklar 2 kvartal 2021. ; SKIR - B0303, Tromsø ; 77 m² ; 5550000 kr; 72078 ; Totalpris: 5 582 062 kr;0 ; EiendomsMegler 1 Rødbanken
166181434 ; KALDSLETT - Innholdsrik og moderne 3-roms selveierleilighet med parkering i garasje, heis, utsikt! ; Elvhusvegen 41B, Tromsdalen ; 70 m² ; 3940000 kr; 56286 ; Totalpris: 4 046 942 kr ; 2 800 kr ; Sne Eiendomsmegling AS
170325639 ; Sør-Tromsøya - Enebolig med 3 soverom, garasje, utsikt og sentrumsnær beliggenhet! ; Mellomvegen 69A, Tromsø ; 110 m² ; 4790000 kr; 43545 ; Totalpris: 4 922 420 kr;0 ; Hjem Eiendomsmegling
170311237 ; Gimle - Ta kontakt for privatvisning! Pen, innholdsrik og velholdt vertikaldelt tomannsbolig. Garasje. Attraktiv beliggenhet. ; Balders veg 2 A, Tromsø ; 171 m² ; 5300000 kr; 30994 ; Totalpris: 5 433 670 kr;0 ; EiendomsMegler 1 Strandtorget
170338520 ; BRENSHOLMEN - Flott enebolig plassert på høydedrag. Innholdsrik planløsning og god standard. Romslig hjørnetomt. ; Smålia 1, Brensholmen ; 131 m² ; 3500000 kr; 26718 ; Totalpris: 3 599 142 kr;0 ; Sne Eiendomsmegling AS
159897282 ; Stor og moderne leilighet over 2 plan | Garasje for 2 biler | Fantastiske sol- og utsiktforhold | Ny standard ; Storbakkvegen 101, Tromsdalen ; 113 m² ; 6390000 kr; 56549 ; Totalpris: 6 562 104 kr;0 ; Hjem Eiendomsmegling
161193948 ; Hamna sør/Solneset - Ny 3-roms selveierleilighet med høy standard i toppetasjen med "privat" heis.  Stor takterrasse og nydelig panoramautsikt. (lave. omk.) Ta kontakt for privat visning! ; Hamneneset 3 - 5 leilighet 401, Tromsø ; 94 m² ; 6650000 kr; 70745 ; Totalpris: 6 676 180 kr;0 ; DNB Eiendom AS
170229574 ; Flott og moderne 4-roms selveier med utsikt og parkering. Lave bokostnader! ; Tomasjordnes 41, Tomasjord ; 72 m² ; 4190000 kr; 58194 ; Totalpris: 4 296 092 kr ; 3 211 kr ; DNB Eiendom AS
158082938 ; Tomasjord - Tiltalende enebolig - Totalrenovert i 2016 - Carport ; Evjenvegen 2, Tomasjord ; 58 m² ; 3890000 kr; 67069 ; Totalpris: 3 988 300 kr;0 ; EiendomsMegler 1 Tromsø Strandgata
170232348 ; Stilfull 3-roms leilighet i populære Solsia Park - ferdigstilles tredje kvartal 2020! ; Solsia Park H0111, Tromsdalen ; 57 m² ; 3590000 kr; 62982 ; Eier (Selveier) ; Leilighet  ; Sne Eiendomsmegling AS
164940842 ; GIMLE - TA KONTAKT FOR VISNING ! Innholdsrik og stor enebolig over 3-plan med garasje og mulighet for utleie. ; Sivs veg 1, Tromsø ; 260 m² ; 7300000 kr; 28077 ; Totalpris: 7 495 170 kr;0 ; GARANTI Eiendomsmegling Tromsø
169860468 ; SKIR - Eksklusivt bryggehus med unik beliggenhet på bryggekanten. Inflyttingsklart 2 kvartal 2021 ; SKIR - Bryggehus H0101, Tromsø ; 108 m² ; 8950000 kr; 82870 ; Totalpris: 8 982 062 kr;0 ; EiendomsMegler 1 Rødbanken
141847435 ; SENTRUM - 3-roms leilighet i 4.etasje med utsikt og heis - Avdrag betales/sikringsfond - Mulig garasje ; Storgata 125 leil 3-4 B, Tromsø ; 65 m² ; 1350000 kr; 20769 ; Totalpris: 3 325 058 kr ; 15 483 kr ; Sne Eiendomsmegling AS
169896080 ; Tromsdalen - 4-roms leilighet i 2 etg, med stort uinnredet loft, parkering og god standard. Stor felles tomt ; Fløyvegen 17, Tromsdalen ; 108 m² ; 4950000 kr; 45833 ; Totalpris: 5 081 700 kr;0 ; Eie Eiendomsmegling Tromsø
142390929 ; Ramfjorden - Ny vertikaldelt bolig med god standard, terrasse, garasje og utsikt ; Nordbotnvegen 120B, Ramfjordbotn ; 100 m² ; 4250000 kr; 42500 ; Totalpris: 4 275 000 kr;0 ; Eie Eiendomsmegling Tromsø
157434631 ; Midtre Kaldslett - Fløifjell - Stor 3-roms leilighet med ekstra stor parkeringsplass(2 biler), moderne standard | IN-ordning og sikringsfon ; Storbakkvegen 41, Tromsdalen ; 78 m² ; 2660000 kr; 34103 ; Totalpris: 4 595 801 kr ; 9 928 kr ; Hjem Eiendomsmegling
155513543 ; Toppen av øya i attraktivt og naturnært område, barnevennlig, 4 roms, 2 bad + vaskerom, høy standard, garasje. ; Brinkvegen 36 D, Tromsø ; 106 m² ; 5300000 kr; 50000 ; Fellesutg.: 2 898 kr;0 ; Eie Eiendomsmegling Tromsø
169270515 ; KROKELVDALEN - NY PRIS! Stor 4/5-roms toppleilighet med innglasset balkong og garasje - Veldrevet borettslag! ; Malmvegen 126, Krokelvdalen ; 112 m² ; 3050000 kr; 27232 ; Totalpris: 3 413 500 kr ; 7 314 kr ; Sne Eiendomsmegling AS
169260174 ; Ny og prisgunstig 3 roms leilighet, klar for innflytting. ; Nordmannsgårdvegen 5, Tromsdalen ; 45 m² ; 2990000 kr; 66444 ; Totalpris: 3 020 670 kr ; 1 504 kr ; EiendomsMegler 1 Rødbanken
169237158 ; Kræmarvik/Kaldfjord - Digital visning tilgjengelig - Stor enebolig med stor garasje i landlige omgivelser | 3 soverom, 2 stuer, utsiktstomt. ; Fjordvegen 599, Kvaløya ; 182 m² ; 4500000 kr; 24725 ; Totalpris: 4 613 842 kr;0 ; DNB Eiendom AS
169234298 ; Stakkevollan - Romslig, attraktiv og prisgunstig 3-roms med balkong og parkering! ; Skattøra 19, Tromsø ; 82 m² ; 2690000 kr; 32805 ; Totalpris: 2 749 297 kr ; 5 068 kr ; GARANTI Eiendomsmegling Tromsø
173400963 ; Workinnmarka/Norrøna Boligpark -  Fantastisk flott bolig over 2 etasjer. Har en planløsning du sjelden finner med sine s ; Marmælen G24, Tromsø ; 145 m² ; 7990000 kr; 55103 ; DNB Eiendom AS;0 ; Eier (Selveier) • Leilighet • 3 soverom
169222407 ; 3-roms selveierleilighet med garasjeplass. Innflyttingsklar 2 kvartal 2021. ; SKIR - B0201, Tromsø ; 68 m² ; 4610000 kr; 67794 ; Totalpris: 4 642 062 kr;0 ; EiendomsMegler 1 Rødbanken
169229892 ; TROMSDALEN - Moderne del av tomannsbolig med nystandard og utleie beliggenhet i Tromsdalen ; Turistvegen 98 plan 2, Tromsdalen ; 141 m² ; 6390000 kr; 45319 ; Totalpris: 6 551 092 kr;0 ; Sne Eiendomsmegling AS
169147388 ; Moderne bolig i attraktivt område | Mulighet for utleie | Garasje | Høy standard | Spennende løsninger |202 kvm BRA ; Ivar Aasens veg 12 B, Tromsø ; 175 m² ; 8290000 kr; 47371 ; Totalpris: 8 335 004 kr;0 ; Hjem Eiendomsmegling
169134472 ; TOMASJORD - Eldre enebolig med sentral beliggenhet sør på Tomasjord! ; Evjenvegen 91, Tomasjord ; 85 m² ; 4500000 kr; 52941 ; Totalpris: 4 624 142 kr;0 ; Sne Eiendomsmegling AS
156718612 ; Strandkanten - Lys og pen 3-roms leil. med enkel adkomst og god planløsning. Nært sentrum, veletablert og barnevennlig. Egen veranda ; Hjalmar Johansens gate 219, Tromsø ; 53 m² ; 1460000 kr; 27547 ; Totalpris: 3 138 329 kr ; 10 485 kr ; DNB Eiendom AS
155591043 ; Øvre sentrum - Flott halvpart av tomannsbolig med garasje, 2 soverom og terrasse i gangavstand fra sentrum ; Bodenhoffs veg 12, Tromsø ; 93 m² ; 4490000 kr; 48280 ; Totalpris: 4 614 920 kr;0 ; Hjem Eiendomsmegling
147689433 ; FAGERENG - FAGERENG - Lys og innbydende 3-roms leilighet i et svært attraktivt boligområde! ; Alaskasvingen 5F, Tromsø ; 72 m² ; 2840000 kr; 39444 ; Totalpris: 3 490 132 kr ; 8 133 kr ; Sne Eiendomsmegling AS
168723777 ; Stor bolig med utleie. Integrert garasje. Stor tomt i barnevennlig, solrikt boområde - nært UNN/UiT ; Vales veg 3, Tromsø ; 253 m² ; 7350000 kr; 29051 ; Totalpris: 7 544 720 kr;0 ; Eie Eiendomsmegling Tromsø
168359483 ; Isrenna - Lys og trivelig leilighet med treningssenter og matbutikk I nærheten ; Stakkevollvegen 333, Tromsø ; 35 m² ; 2150000 kr; 61429 ; Totalpris: 2 204 920 kr ; 2 728 kr ; EiendomsMegler 1 Rødbanken
168599777 ; Moderne 3-roms med garasje. Vannbåren varme i gulvene og lave felleskostander. ; Balsfjordvinden 3, Tromsø ; 71 m² ; 4250000 kr; 59859 ; Totalpris: 4 357 420 kr ; 2 827 kr ; EiendomsMegler 1 Rødbanken
168528876 ; TØNSVIK - Velholdt enebolig med dobbelgarasje i et naturskjønt og barnevennlig område ; Kvannlivegen 16, Krokelvdalen ; 176 m² ; 6380000 kr; 36250 ; Totalpris: 6 540 842 kr;0 ; Sne Eiendomsmegling AS
168522967 ; Topp moderne rekkehus på en av byen flotteste tomter - Hansmarkvegen 38 C ; HANSMARKVEGEN 38 C, Tromsø ; 124 m² ; 8890000 kr; 71694 ; Totalpris: 8 935 650 kr;0 ; Frabene As
168519501 ; Topp moderne rekkehus på en av byens flotteste tomter - Hansmarkvegen 38 D ; Hansmarkvegen 38 D, Tromsø ; 138 m² ; 9960000 kr; 72174 ; Totalpris: 10 016 550 kr;0 ; Frabene As
168512167 ; Tromsdalen sør/ Kaldslett - Prisgunstig og ny 3 roms leilighet med integrerte hvitevarer. ; Nordmannsgårdvegen 5, Tromsdalen ; 45 m² ; 2990000 kr; 66444 ; Totalpris: 3 065 920 kr ; 1 504 kr ; EiendomsMegler 1 Rødbanken
168437202 ; Rekkehus på Kvaløysletta - ta kontakt for trygg visning! ; Manetvegen 35, Kvaløysletta ; 111 m² ; 4000000 kr; 36036 ; Totalpris: 4 101 170 kr ; 4 000 kr ; Rekve Pleym & Co DA
149346408 ; Øvre sentrum - Velholdt enebolig på attraktiv tomt med stor potensiale. Veldig sentral beliggenhet. Ta kontakt for visning! ; Kirkegårdsvegen 38, Tromsø ; 159 m² ; 7290000 kr; 45849 ; Totalpris: 7 484 520 kr;0 ; GARANTI Eiendomsmegling Tromsø
158888339 ; KALDSLETT - Moderne funkisbolig med høy standard og utleie - fantastiske utsikts- og solforhold - Carport ; Solstrandvegen 271 B, Tromsdalen ; 152 m² ; 7850000 kr; 51645 ; Totalpris: 8 057 892 kr;0 ; Sne Eiendomsmegling AS
158855850 ; Storelva - Nyere moderne vertikaldelt bolig med god standard. Hybelen har egen inngang med gode inntekter. ; Lilleelvveien 3, Kvaløya ; 145 m² ; 6450000 kr; 44483 ; Totalpris: 6 612 300 kr;0 ; EiendomsMegler 1 Rødbanken
160083607 ; Flott toppleilighet med hybelleilighet, 2 garasjeplasser og stor sørvestvendt veranda med boblebad. ; Hamneneset 50, Tromsø ; 142 m² ; 8400000 kr; 59155 ; Totalpris: 8 618 070 kr ; 5 651 kr ; Eie Eiendomsmegling Tromsø
167655453 ; BUD MOTTATT! ENEBOLIG PÅ KVALØYA - SJØTUNVEGEN 472 - SØRFJORDEN ; Sjøtunvegen 472, Kvaløya ; 118 m² ; 1090000 kr; 9237 ; Totalpris: 1 118 420 kr;0 ; Justitia AS
160912600 ; NY PRIS - Rekkehus øvre Mortensnes. Innholdsrikt med bl.a. 3 sov, bad + vaskerom, blindvei, attraktivt område. ; Styrmannsvegen 4 A, Tromsø ; 103 m² ; 4490000 kr; 43592 ; Totalpris: 4 613 220 kr;0 ; Eie Eiendomsmegling Tromsø
156858003 ; Storelva -  Flott vertikaldelt bolig, attraktivt bområde, garasje, 2 bad, grenser til populære friområder. ; Finkavikhaugen 3, Kvaløya ; 127 m² ; 4870000 kr; 38346 ; Eier (Selveier) ; Tomannsbolig  ; Eie Eiendomsmegling Tromsø
148923167 ; KATTFJORDEN - Velholdt enebolig med stor tomt med strandlinje, garasje og naust i flotte omgivelser 40 km fra Tromsø! ; Vasstrandvegen 1009, Kvaløya ; 146 m² ; 4100000 kr; 28082 ; Totalpris: 4 214 142 kr;0 ; Sne Eiendomsmegling AS
155581433 ; Slåttnes - Enebolig med garasje, flott hage og utsikt ca 30 min fra sentrum ; Straumsvegen 1319, Kvaløya ; 159 m² ; 3990000 kr; 25094 ; Totalpris: 4 100 720 kr;0 ; Eie Eiendomsmegling Tromsø
141494430 ; TROMSØYA SØR - VISNING ONS 26/2 KL 1700-1745! Innholdsrik og arkitekttegnet enebolig med flott utsikt og utleiedel med egen inngang! ; Vesterlivegen 15B, Tromsø ; 259 m² ; 11900000 kr; 45946 ; Totalpris: 12 208 042 kr;0 ; Sne Eiendomsmegling AS
157362197 ; Tønsvika - Nyere del av tomannsbolig med gode solforhold og nydelig utsikt ; Skytterstien 3 C, Krokelvdalen ; 149 m² ; 4990000 kr; 33490 ; Totalpris: 5 115 800 kr;0 ; EiendomsMegler 1 Strandtorget
158013597 ; Sentrum sør - NY PRIS - Betydelig renovert og moderne del av tomannsbolig. 5-roms selveier med parkering og sentral beliggenhet! ; Balsfjordgata 10, Tromsø ; 96 m² ; 4490000 kr; 46771 ; Totalpris: 4 603 472 kr;0 ; DNB Eiendom AS
167132241 ; Strandkanten - Unik mulighet til å eie en stilfull frontleilighet med garasje og balkong - Sikringsfond! ; Hjalmar Johansens gate 308, Tromsø ; 98 m² ; 2390000 kr; 24388 ; Totalpris: 6 719 460 kr ; 13 205 kr ; GARANTI Eiendomsmegling Tromsø
159894215 ; 3-roms eierseksjon i attraktive Tromsdalen | Stille og rolig | God standard | Godt førstegangskjøp ; Turistvegen 80, Tromsdalen ; 56 m² ; 2490000 kr; 44464 ; Totalpris: 2 561 354 kr ; 250 kr ; Hjem Eiendomsmegling
157958677 ; Tromsøya øst - Moderne rekkehus med hybelutleie | Parkering i carport + 1 ekstra p-plass | terrasse | Fantastisk utsikt | hems ; Dramsvegen 72B, Tromsø ; 136 m² ; 5890000 kr; 43309 ; Totalpris: 6 051 004 kr ; 460 kr ; Hjem Eiendomsmegling
163701750 ; Grøtfjord - Enebolig med sokkelleilighet i landlige omgivelser. Sjøutsikt! Sandstrand like ved boligen! ; Grøtfjordvegen 28, Kvaløya ; 192 m² ; 3590000 kr; 18698 ; Totalpris: 3 686 222 kr;0 ; DNB Eiendom AS
166434188 ; Nydelig og påkostet frontleilighet. Her kan man sitte og nyte utsikten og sola stort sett hele døgnet. ; Nordmannsgårdvegen 5, Tromsdalen ; 75 m² ; 5850000 kr; 78000 ; Totalpris: 5 997 300 kr;0 ; EiendomsMegler 1 Rødbanken
160683555 ; Tisnes - Ta kontakt for privat visning - Nyere enebolig m/garasje, stor tomt og flott beliggenhet kun 30 min. fra Tromsøya ; Straumsvegen 1223, Kvaløya ; 136 m² ; 4990000 kr; 36691 ; Totalpris: 5 114 750 kr;0 ; EiendomsMegler 1 Tromsø Strandgata
166181537 ; ØVRE SENTRUM - Moderne og påkostet enebolig i prestisjeprosjekt! Høy standard, garasjeanlegg og lysthus! ; Kirkegårdsvegen 16A, Tromsø ; 70 m² ; 6375000 kr; 91071 ; Fellesutg.: 1 147 kr;0 ; Sne Eiendomsmegling AS
166181521 ; ØVRE SENTRUM - Moderne og påkostet leilighet i prestisjeprosjekt! Høy standard, garasjeanlegg og lysthus! ; O L Aunesgate 18, Tromsø ; 118 m² ; 9750000 kr; 82627 ; Fellesutg.: 1 538 kr;0 ; Sne Eiendomsmegling AS
147186740 ; Ta kontakt for å avtale privat visning - Enebolig med garasje, flotte uteområde, gode sol og utsiktsforhold !! ; Storbakkvegen 107, Tromsdalen ; 142 m² ; 5490000 kr; 38662 ; Totalpris: 5 638 772 kr;0 ; Sne Eiendomsmegling AS
123162186 ; TOMASJORD - 4 roms leilighet med garasje, store terrasser, fantastisk utsikt og solforhold ! ; Tomasjordvegen 92 A, Tomasjord ; 112 m² ; 6290000 kr; 56161 ; Totalpris: 6 457 672 kr;0 ; Sne Eiendomsmegling AS
165960047 ; Bjerkaker - 5-roms toppleilighet med vinterhage. 2 p-plasser og flotte felles fasiliteter !! ; Strandvegen 104 D, Tromsø ; 127 m² ; 10250000 kr; 80709 ; Totalpris: 10 507 472 kr ; 3 732 kr ; Sne Eiendomsmegling AS
159513807 ; 3-roms leilighet med balkong og en fantastisk utsikt. Mulighet for garasjeplass ; Norrøna Boligpark Leilighet A12, Tromsø ; 57 m² ; 4350000 kr; 76316 ; Fellesutg.: 2 304 kr;0 ; Sne Eiendomsmegling AS
165875033 ; Ny og innflyttningsklar 3-roms topp/front leilighet med nydelig utsikt, hvitevarer og garasje. Ta kontakt for visning. ; Nordmannsgårdvegen 5, Tromsdalen ; 51 m² ; 3820000 kr; 74902 ; Totalpris: 3 916 550 kr ; 1 925 kr ; EiendomsMegler 1 Rødbanken
155758112 ; Småbruk med nydelig beliggenhet på Sjøtun - eiendommen  inkludere våningshus - uthus- fjøs - naust og  garasje. ; Sjøtunvegen 556, Kvaløya ; 138 m² ; 3250000 kr; 23551 ; Totalpris: 3 343 520 kr;0 ; GARANTI Eiendomsmegling Tromsø
164448368 ; Norrønna3-roms leilighet med nydelig utsikt mot vest og sentral beliggenhet !! ; Marmælen 62, Leilighet A14, Tromsø ; 73 m² ; 5150000 kr; 70548 ; Totalpris: 5 279 972 kr ; 2 589 kr ; Sne Eiendomsmegling AS
164265405 ; Bjerkaker - SJEKK VIDEOVISNING - Nyere 3-roms selveid hjørneleilighet i Bjerkaker Sjøpark, med stor innglasset veranda ; Strandvegen 114 A, Tromsø ; 71 m² ; 4800000 kr; 67606 ; Totalpris: 4 921 050 kr ; 2 687 kr ; EiendomsMegler 1 Strandtorget
163876900 ; Tromsø sentrum nord - Fin 2- roms leilighet med takterrasse og parkering. ; Holmboevegen 3A, Tromsø ; 49 m² ; 2450000 kr; 50000 ; Totalpris: 2 512 472 kr;0 ; DNB Eiendom AS
163868792 ; Bjerkaker - Ta kontakt for å avtale visning - Lekker enebolig m/garasje i meget attraktivt villastrøk -  med utleie ; Kohtvegen 18, Tromsø ; 248 m² ; 8890000 kr; 35847 ; Totalpris: 9 113 300 kr;0 ; EiendomsMegler 1 Tromsø Strandgata
163767399 ; Vangberg - Nydelig og påkostet 5 roms leilighet med garasje i et attraktiv boligområde. ; Vangberg 5 G, Tromsø ; 125 m² ; 6890000 kr; 55120 ; Totalpris: 6 910 800 kr ; 3 588 kr ; EiendomsMegler 1 Rødbanken
163229988 ; Workinnmarka - 4-roms selveierleilighet over to plan beliggende i attraktivt og solrikt boområde. Garasje. ; Langnesvegen 28, Tromsø ; 109 m² ; 4790000 kr; 43945 ; Totalpris: 4 909 750 kr ; 2 728 kr ; EiendomsMegler 1 Rødbanken
150483852 ; Moderne fritidsbolig/enebolig med alt på ett plan og egen garasje. Stor solrik tomt med flott utsikt. ; Dortheavegen 13, Sjursnes ; 113 m² ; 2800000 kr; 24779 ; Totalpris: 2 871 222 kr;0 ; DNB Eiendom AS
133073088 ; Flott fritidsbolig/enebolig med stor tomt i landlige omgivelser. Nært til mangfoldige turmuligheter ved hav og fjell ; Dortheavegen 11, Sjursnes ; 58 m² ; 1750000 kr; 30172 ; Totalpris: 1 794 972 kr;0 ; DNB Eiendom AS
163007374 ; 2 - roms andelsleilighet - Tomasjordnes 124 ; TOMASJORDNES 124, Tomasjord ; 39 m² ; 590000 kr; 15128 ; Totalpris: 1 783 181 kr ; 10 362 kr ; Justitia AS
172789072 ; NY PRIS! Strøken 3-roms selveierleilighet fra 2015 med havutsikt, veranda og garasje. Gangavstand til sentrum. ; Strandvegen 102 G, Tromsø ; 74 m² ; 4275000 kr; 57770 ; EiendomsMegler 1 Rødbanken;0 ; Eier (Selveier) • Leilighet • 2 soverom
163234617 ; Krokelvdalen - Fin og oppgradert 2 - roms BL.
Innvendig bod er omgjort til  sovealkove. 
Sentralvarme, vinterhage og garasjeplass ; Malmvegen 134, Krokelvdalen ; 67 m² ; 2590000 kr; 38657 ; Totalpris: 2 865 590 kr ; 5 644 kr ; DNB Eiendom AS
162652260 ; Sentrum nord - Urban og flott 2-roms selveierleilighet | Garasje på 39 kvm | God bodplass | ; Fogd Drejers gate 22, Tromsø ; 54 m² ; 2590000 kr; 47963 ; Totalpris: 2 663 224 kr;0 ; Hjem Eiendomsmegling
162580091 ; Romslig 4-roms sørvestvendt hjørneleilighet i 6. etasje. Panoramautsikt  og solrik veranda. Garasje. ; Workinntoppen 16, Tromsø ; 115 m² ; 8590000 kr; 74696 ; Totalpris: 8 805 800 kr ; 3 927 kr ; EiendomsMegler 1 Rødbanken
162029881 ; Strandkanten - Sentralt beliggende 2-roms. God planløsning og enkel adkomst. Betaler renter og avdrag. Tilknyttet sikringsordning. ; Hjalmar Johansens gate 232, Tromsø ; 36 m² ; 1390000 kr; 38611 ; Totalpris: 2 170 547 kr ; 9 076 kr ; DNB Eiendom AS
162031685 ; Tomasjord - Luftig og pen 2-roms leil. Flott utsikt og gode solforhold. Romslig og moderne. Egen parkering. Terrasse ; Evjenvegen 170A, Tomasjord ; 52 m² ; 1890000 kr; 36346 ; Totalpris: 2 660 715 kr ; 7 185 kr ; DNB Eiendom AS
161949126 ; Moderne enebolig i nytt boligområde! ; Steinnesvegen 15, Krokelvdalen ; 166 m² ; 6490000 kr; 39096 ; Totalpris: 6 521 250 kr;0 ; BoligPartner - Presis Bolig As
161899732 ; Ny og moderne funkisbolig med idyllisk plassering - Sommarøy! ; Katthaugvegen 21, Sommarøy ; 170 m² ; 6390000 kr; 37588 ; Totalpris: 6 410 000 kr;0 ; BoligPartner - Presis Bolig As
161433982 ; Nordbotn / Ramfjord - 5-roms vertikaldelt bolig | moderne standard | fantastiske omgivelser | Nydelig utsikt ; Nordbotnvegen 92A, Ramfjordbotn ; 121 m² ; 4490000 kr; 37107 ; Totalpris: 4 514 754 kr;0 ; Hjem Eiendomsmegling
160095797 ; Sentrum Nord - Ny leilighet m/hybelleilighet i 3. etg. Lekkert innredet i stilige farger & materialvalg. 2 sportsboder ; Storgata 166, Tromsø ; 81 m² ; 2580000 kr; 31852 ; Totalpris: 5 061 556 kr ; 10 477 kr ; EiendomsMegler 1 Rødbanken
157470031 ; Enebolig på Hillesøya - helt ytterst i havgapet med flott utsikt over det vakre nærområdet ; Sørvegen 73, Sommarøy ; 215 m² ; 4650000 kr; 21628 ; Totalpris: 4 777 220 kr;0 ; Eie Eiendomsmegling Tromsø
106560802 ; Stor og velholdt villa med sokkelleilighet, store terrasser, stor tomt og 2 store garasjer i Hamna. ; Ringvegen 446, Tromsø ; 351 m² ; 10900000 kr; 31054 ; Totalpris: 11 182 650 kr;0 ; Eie Eiendomsmegling Tromsø
159992183 ; Ny og innflyttningsklar stor leilighet med fin uteplatt i front og på siden. Nydelig utsikt mot sør/vest. ; Heilovegen 120, Tromsø ; 108 m² ; 6750000 kr; 62500 ; Totalpris: 6 796 050 kr;0 ; EiendomsMegler 1 Rødbanken
159802935 ; Stor og helt ny leilighet på et plan med carport, klar for innflytting.  Fantastisk flott utsikt og solgang. ; Heilovegen 120, Tromsø ; 111 m² ; 7190000 kr; 64775 ; Totalpris: 7 238 150 kr;0 ; EiendomsMegler 1 Rødbanken
159681449 ; BUD MOTTATT! 3 - roms leilighet i Jerven boligsameie i Hamna - Jervvegen 131 ; JERVVEGEN 131, Tromsø ; 56 m² ; 3190000 kr; 56964 ; Totalpris: 3 270 800 kr ; 2 502 kr ; Justitia AS
158862992 ; HORISONTALDELT TOMANNSBOLIG - STAKKEVOLLVEGEN 300 ; STAKKEVOLLVEGEN 300, Tromsø ; 125 m² ; 5690000 kr; 45520 ; Totalpris: 5 833 420 kr;0 ; Justitia AS
146977471 ; En perle av en eiendom i Sandneshamn, Kvaløya - med naust, fjøs, garasje og ca 10 mål tomt ; Sandneshamnvegen 376, Kvaløysletta ; 106 m² ; 3800000 kr; 35849 ; Totalpris: 3 905 970 kr;0 ; Eie Eiendomsmegling Tromsø
158177750 ; Breivikeidet - Enebolig over 1 plan m/ romslig og pen tomt - Garasje - Stor kjeller  - Ny pris ; Sjursnesvegen 143, Ramfjordbotn ; 121 m² ; 2790000 kr; 23058 ; Totalpris: 2 874 854 kr;0 ; Hjem Eiendomsmegling
149241620 ; Bolig A og B er solgt. Kun bolig C igjen i Ivar Aasens veg 8 - 220m2 BRA ; Ivar Aasens veg 8, Tromsø ; 165 m² ; 9900000 kr; 60000 ; Totalpris: 9 900 000 kr;0 ; Byggmesteren Tromsø AS
158250338 ; Kaldfjord - Strandeiendom på hele 13 mål med stort utviklingspotensiale! ; Fjordvegen 257, Kvaløya ; 88 m² ; 6400000 kr; 72727 ; Totalpris: 6 560 000 kr;0 ; EiendomsMegler 1 Strandtorget
156909119 ; Hamna - Fin 4-roms selveierleilighet med parkering i carport, stor veranda, god utsikt og sol forhold. ; Jervvegen 46, Tromsø ; 73 m² ; 3590000 kr; 49178 ; Totalpris: 3 681 092 kr ; 4 896 kr ; DNB Eiendom AS
155002263 ; MIDTRE KALDSLETT - Ny 4-roms leilighet med høy standard over 2 plan med nydelig utsikt. Har godt med bodplass, 2 garasjeplasser. ; Lilletunet 2 A5-S2 / Storbakkvegen 67, Tromsdalen ; 113 m² ; 6140000 kr; 54336 ; Totalpris: 6 182 313 kr ; 500 kr ; DNB Eiendom AS
153615011 ; Solneset - INNFLYTTINGSKLAR REKKEHUS PÅ SOLNESET ; Dorgvegen 5, Tromsø ; 112 m² ; 5750000 kr; 51339 ; Totalpris: 5 757 072 kr ; 2 000 kr ; Nor Bygg AS
150823496 ; Kvaløya resten - Romslig enebolig med 2-roms utleiedel i naturskjønne omgivelser. Flott utsikt. Stor garasje med hems. ; Salarøyvegen 1150, Kvaløya ; 167 m² ; 4990000 kr; 29880 ; Totalpris: 5 115 800 kr;0 ; EiendomsMegler 1 Rødbanken
147935138 ; Brensholmen - Delikat og moderne enebolig som sto ferdig i 2013. Fine uteområder. ; Smålia 9, Brensholmen ; 164 m² ; 3650000 kr; 22256 ; Totalpris: 3 742 300 kr;0 ; EiendomsMegler 1 Rødbanken
144304925 ; TROMSDALEN - Unik vestvendt enebolig med stor garasje! Hybelutleie i sokkel + stort uinnredet sokkelareal! ; Solstrandvegen 315, Tromsdalen ; 243 m² ; 12000000 kr; 49383 ; Totalpris: 12 310 422 kr;0 ; Sne Eiendomsmegling AS
130903070 ; RAMFJORDEN - Eksklusiv enebolig oppført i 2017 med dobbelgarasje og utleie - Fin utsikt og kun 20 minutter fra Tromsø sentrum! ; Bærbakken 3, Tromsdalen ; 210 m² ; 7500000 kr; 35714 ; Totalpris: 7 688 722 kr;0 ; Sne Eiendomsmegling AS
138838532 ; KVALØYA - Stor tomt for boligformål sentralt på Kvaløya! Naturskjønne omgivelser med kort vei til Langnes, samt fjell og sjø! ; Salarøyvegen 150, Kvaløya ; 1 500 000 kr ; not found; None ; Totalpris: 1 538 722 kr;0 ; Sne Eiendomsmegling AS
134133995 ; Himmel og Hav*Eksklusiv 3-roms m/garasje*50 kvm stue/kjøkken* egen TV-stue*Master bedroom med eget bad*3 balkonger ; Strandvegen 96 H0601, Tromsø ; 115 m² ; 3490000 kr; 30348 ; Totalpris: 7 886 584 kr ; 17 678 kr ; PEAB Eiendomsutvikling Nord AS
120863626 ; Stakkevoll Gård vurderes solgt med godkjente utbyggingsplaner ; Stakkevollvegen 362, Tromsø ; 77 m² ; 12900000 kr; 167532 ; Eier (Selveier) ; Gårdsbruk/Småbruk  ; Privat
92033465 ; P-plass til salgs på Tomasjordnes ; Tomasjord ; 11 m² ; 250000 kr; 22727 ; Annet ; Andre ; Privat
174508417 ; Myreng - Trivelig 2-roms hjørneleilighet i 7 etg med fantastisk utsikt- og solforhold. Vinterhage. Heis. Utvendig parkering. ; Prestvannvegen 3, Tromsø ; 48 m² ; 2690000 kr; 56042 ; EiendomsMegler 1 Rødbanken;0 ; Aksje • Leilighet • 1 soverom
173400963 ; Workinnmarka/Norrøna Boligpark -  Fantastisk flott bolig over 2 etasjer. Har en planløsning du sjelden finner med sine s ; Marmælen G24, Tromsø ; 145 m² ; 7990000 kr; 55103 ; DNB Eiendom AS;0 ; Eier (Selveier) • Leilighet • 3 soverom
174850468 ; Tønsvika - Nyere funkisbolig (2015) m/ utleie og en helt fantastisk utsikt over Tromsøysundet, Kvaløya og Tromsøya. ; Tønsvikvegen 277, Krokelvdalen ; 218 m² ; 7990000 kr; 36651 ; EiendomsMegler 1 Rødbanken;0 ; Eier (Selveier) • Enebolig • 5 soverom
168449135 ; Ny pris! - Romslig 3-roms leilighet med fin utsikt, vestvendt veranda og garasje. - IN og sikringsordning ; Storbakkvegen 41, Tromsdalen ; 74 m² ; 2290000 kr; 30946 ; EiendomsMegler 1 Rødbanken;0 ; Andel • Leilighet • 2 soverom
173577816 ; Workinntoppen - Lys og  strøken 2-roms selveier med garasje. Romslig balkong mot sør. Attraktiv beliggenhet i 3 etg på Workinntoppen. ; Workinntoppen 16, Tromsø ; 37 m² ; 3450000 kr; 93243 ; EiendomsMegler 1 Rødbanken;0 ; Eier (Selveier) • Leilighet • 1 soverom
